AcCurrent, SEL-734 0 - Metrology - Amps, Amps
12/01/2009 13:17:28, 44, 1259695048044, 12/01/2009 13:17:57, 60, 1259695077060, -0.0, 0.0, 0.0, 
12/01/2009 13:17:57, 60, 1259695077060, 12/01/2009 13:17:58, 200, 1259695078200, -0.0, 0.0, 0.0, 
12/01/2009 13:17:58, 200, 1259695078200, 12/01/2009 13:17:59, 13, 1259695079013, -0.0, 0.0, 0.0, 
12/01/2009 13:17:59, 13, 1259695079013, 12/01/2009 13:18:00, 44, 1259695080044, -0.0, 0.0, 0.0, 
12/01/2009 13:18:00, 44, 1259695080044, 12/01/2009 13:18:01, 60, 1259695081060, -0.0, 0.0, 0.0, 
12/01/2009 13:18:01, 60, 1259695081060, 12/01/2009 13:18:02, 122, 1259695082122, -0.0, 0.0, 0.0, 
12/01/2009 13:18:02, 122, 1259695082122, 12/01/2009 13:18:03, 28, 1259695083028, -0.0, 0.0, 0.0, 
12/01/2009 13:18:03, 28, 1259695083028, 12/01/2009 13:18:04, 200, 1259695084200, -0.0, 0.0, 0.0, 
12/01/2009 13:18:04, 200, 1259695084200, 12/01/2009 13:18:05, 28, 1259695085028, -0.0, 0.0, 0.0, 
12/01/2009 13:18:05, 28, 1259695085028, 12/01/2009 13:18:06, 44, 1259695086044, 0.21995999944210054, 0.234, 0.07983482100832401, 
12/01/2009 13:18:06, 44, 1259695086044, 12/01/2009 13:18:07, 75, 1259695087075, 0.253649996817112, 0.267, 0.08337073296234769, 
12/01/2009 13:18:07, 75, 1259695087075, 12/01/2009 13:18:08, 122, 1259695088122, 0.253649996817112, 0.267, 0.08337073296234769, 
12/01/2009 13:18:08, 122, 1259695088122, 12/01/2009 13:18:09, 75, 1259695089075, 0.253649996817112, 0.267, 0.08337073296234769, 
12/01/2009 13:18:09, 75, 1259695089075, 12/01/2009 13:18:10, 169, 1259695090169, 0.2509799993634224, 0.267, 0.09109357781719025, 
12/01/2009 13:18:10, 169, 1259695090169, 12/01/2009 13:18:11, 28, 1259695091028, 0.2509799993634224, 0.267, 0.09109357781719025, 
12/01/2009 13:18:11, 28, 1259695091028, 12/01/2009 13:18:11, 997, 1259695091997, 0.253649996817112, 0.267, 0.08337073296234769, 
12/01/2009 13:18:11, 997, 1259695091997, 12/01/2009 13:18:13, 60, 1259695093060, 0.25269999682903294, 0.266, 0.08305848302615909, 
12/01/2009 13:18:13, 60, 1259695093060, 12/01/2009 13:18:14, 122, 1259695094122, 0.25269999682903294, 0.266, 0.08305848302615909, 
12/01/2009 13:18:14, 122, 1259695094122, 12/01/2009 13:18:15, 75, 1259695095075, 0.25269999682903294, 0.266, 0.08305848302615909, 
12/01/2009 13:18:15, 75, 1259695095075, 12/01/2009 13:18:16, 216, 1259695096216, 0.25269999682903294, 0.266, 0.08305848302615909, 
12/01/2009 13:18:16, 216, 1259695096216, 12/01/2009 13:18:17, 60, 1259695097060, 0.25269999682903294, 0.266, 0.08305848302615909, 
12/01/2009 13:18:17, 60, 1259695097060, 12/01/2009 13:18:18, 75, 1259695098075, 0.25269999682903294, 0.266, 0.08305848302615909, 
12/01/2009 13:18:18, 75, 1259695098075, 12/01/2009 13:18:19, 106, 1259695099106, 0.25174999684095384, 0.265, 0.08274623308997062, 
12/01/2009 13:18:19, 106, 1259695099106, 12/01/2009 13:18:20, 122, 1259695100122, 0.25174999684095384, 0.265, 0.08274623308997062, 
12/01/2009 13:18:20, 122, 1259695100122, 12/01/2009 13:18:21, 106, 1259695101106, 0.25079999685287474, 0.264, 0.0824339831537821, 
12/01/2009 13:18:21, 106, 1259695101106, 12/01/2009 13:18:22, 216, 1259695102216, 0.25079999685287474, 0.264, 0.0824339831537821, 
12/01/2009 13:18:22, 216, 1259695102216, 12/01/2009 13:18:23, 60, 1259695103060, 0.25079999685287474, 0.264, 0.0824339831537821, 
12/01/2009 13:18:23, 60, 1259695103060, 12/01/2009 13:18:24, 28, 1259695104028, 0.2498499968647957, 0.263, 0.08212173321759345, 
12/01/2009 13:18:24, 28, 1259695104028, 12/01/2009 13:18:25, 75, 1259695105075, 0.2498499968647957, 0.263, 0.08212173321759345, 
12/01/2009 13:18:25, 75, 1259695105075, 12/01/2009 13:18:26, 106, 1259695106106, 0.2498499968647957, 0.263, 0.08212173321759345, 
12/01/2009 13:18:26, 106, 1259695106106, 12/01/2009 13:18:27, 75, 1259695107075, 0.24889999687671663, 0.262, 0.08180948328140486, 
12/01/2009 13:18:27, 75, 1259695107075, 12/01/2009 13:18:28, 247, 1259695108247, 0.24889999687671663, 0.262, 0.08180948328140486, 
12/01/2009 13:18:28, 247, 1259695108247, 12/01/2009 13:18:29, 91, 1259695109091, 0.24794999688863756, 0.261, 0.08149723334521625, 
12/01/2009 13:18:29, 91, 1259695109091, 12/01/2009 13:18:30, 60, 1259695110060, 0.24794999688863756, 0.261, 0.08149723334521625, 
12/01/2009 13:18:30, 60, 1259695110060, 12/01/2009 13:18:31, 91, 1259695111091, 0.2469999969005585, 0.26, 0.08118498340902769, 
12/01/2009 13:18:31, 91, 1259695111091, 12/01/2009 13:18:32, 60, 1259695112060, 0.2469999969005585, 0.26, 0.08118498340902769, 
12/01/2009 13:18:32, 60, 1259695112060, 12/01/2009 13:18:33, 106, 1259695113106, 0.24604999691247942, 0.259, 0.0808727334728391, 
12/01/2009 13:18:33, 106, 1259695113106, 12/01/2009 13:18:34, 169, 1259695114169, 0.24604999691247942, 0.259, 0.0808727334728391, 
12/01/2009 13:18:34, 169, 1259695114169, 12/01/2009 13:18:35, 28, 1259695115028, 0.24604999691247942, 0.259, 0.0808727334728391, 
12/01/2009 13:18:35, 28, 1259695115028, 12/01/2009 13:18:36, 91, 1259695116091, 0.24604999691247942, 0.259, 0.0808727334728391, 
12/01/2009 13:18:36, 91, 1259695116091, 12/01/2009 13:18:37, 106, 1259695117106, 0.24509999692440035, 0.258, 0.0805604835366505, 
12/01/2009 13:18:37, 106, 1259695117106, 12/01/2009 13:18:38, 75, 1259695118075, 0.24509999692440035, 0.258, 0.0805604835366505, 
12/01/2009 13:18:38, 75, 1259695118075, 12/01/2009 13:18:39, 91, 1259695119091, 0.24414999693632125, 0.257, 0.08024823360046202, 
12/01/2009 13:18:39, 91, 1259695119091, 12/01/2009 13:18:40, 247, 1259695120247, 0.24414999693632125, 0.257, 0.08024823360046202, 
12/01/2009 13:18:40, 247, 1259695120247, 12/01/2009 13:18:41, 44, 1259695121044, 0.24414999693632125, 0.257, 0.08024823360046202, 
12/01/2009 13:18:41, 44, 1259695121044, 12/01/2009 13:18:42, 75, 1259695122075, 0.24414999693632125, 0.257, 0.08024823360046202, 
12/01/2009 13:18:42, 75, 1259695122075, 12/01/2009 13:18:43, 44, 1259695123044, 0.24604999691247942, 0.259, 0.0808727334728391, 
12/01/2009 13:18:43, 44, 1259695123044, 12/01/2009 13:18:44, 169, 1259695124169, 0.24604999691247942, 0.259, 0.0808727334728391, 
12/01/2009 13:18:44, 169, 1259695124169, 12/01/2009 13:18:45, 122, 1259695125122, 0.24604999691247942, 0.259, 0.0808727334728391, 
12/01/2009 13:18:45, 122, 1259695125122, 12/01/2009 13:18:46, 200, 1259695126200, 0.24604999691247942, 0.259, 0.0808727334728391, 
12/01/2009 13:18:46, 200, 1259695126200, 12/01/2009 13:18:47, 13, 1259695127013, 0.24509999692440035, 0.258, 0.0805604835366505, 
12/01/2009 13:18:47, 13, 1259695127013, 12/01/2009 13:18:48, 60, 1259695128060, 0.24509999692440035, 0.258, 0.0805604835366505, 
12/01/2009 13:18:48, 60, 1259695128060, 12/01/2009 13:18:49, 75, 1259695129075, 0.24509999692440035, 0.258, 0.0805604835366505, 
12/01/2009 13:18:49, 75, 1259695129075, 12/01/2009 13:18:50, 122, 1259695130122, 0.24509999692440035, 0.258, 0.0805604835366505, 
12/01/2009 13:18:50, 122, 1259695130122, 12/01/2009 13:18:51, 75, 1259695131075, 0.24414999693632125, 0.257, 0.08024823360046202, 
12/01/2009 13:18:51, 75, 1259695131075, 12/01/2009 13:18:52, 278, 1259695132278, 0.24414999693632125, 0.257, 0.08024823360046202, 
12/01/2009 13:18:52, 278, 1259695132278, 12/01/2009 13:18:53, 44, 1259695133044, 0.24414999693632125, 0.257, 0.08024823360046202, 
12/01/2009 13:18:53, 44, 1259695133044, 12/01/2009 13:18:54, 60, 1259695134060, 0.24414999693632125, 0.257, 0.08024823360046202, 
12/01/2009 13:18:54, 60, 1259695134060, 12/01/2009 13:18:55, 75, 1259695135075, 0.24414999693632125, 0.257, 0.08024823360046202, 
12/01/2009 13:18:55, 75, 1259695135075, 12/01/2009 13:18:56, 216, 1259695136216, 0.24414999693632125, 0.257, 0.08024823360046202, 
12/01/2009 13:18:56, 216, 1259695136216, 12/01/2009 13:18:57, 91, 1259695137091, 0.24319999694824218, 0.256, 0.07993598366427346, 
12/01/2009 13:18:57, 91, 1259695137091, 12/01/2009 13:18:58, 247, 1259695138247, 0.24319999694824218, 0.256, 0.07993598366427346, 
12/01/2009 13:18:58, 247, 1259695138247, 12/01/2009 13:18:59, 44, 1259695139044, 0.24319999694824218, 0.256, 0.07993598366427346, 
12/01/2009 13:18:59, 44, 1259695139044, 12/01/2009 13:19:00, 75, 1259695140075, 0.24319999694824218, 0.256, 0.07993598366427346, 
12/01/2009 13:19:00, 75, 1259695140075, 12/01/2009 13:19:01, 44, 1259695141044, 0.2422499969601631, 0.255, 0.07962373372808487, 
12/01/2009 13:19:01, 44, 1259695141044, 12/01/2009 13:19:02, 106, 1259695142106, 0.2422499969601631, 0.255, 0.07962373372808487, 
12/01/2009 13:19:02, 106, 1259695142106, 12/01/2009 13:19:03, 106, 1259695143106, 0.2422499969601631, 0.255, 0.07962373372808487, 
12/01/2009 13:19:03, 106, 1259695143106, 12/01/2009 13:19:04, 247, 1259695144247, 0.2524500024318695, 0.255, 0.03597215968146876, 
12/01/2009 13:19:04, 247, 1259695144247, 12/01/2009 13:19:04, 997, 1259695144997, 4.5817200441360475, 4.628, 0.652859431395438, 
12/01/2009 13:19:04, 997, 1259695144997, 12/01/2009 13:19:06, 28, 1259695146028, 8.494200081825257, 8.58, 1.210357372811762, 
12/01/2009 13:19:06, 28, 1259695146028, 12/01/2009 13:19:07, 75, 1259695147075, 12.934350124597549, 13.065, 1.843044181327017, 
12/01/2009 13:19:07, 75, 1259695147075, 12/01/2009 13:19:08, 106, 1259695148106, 12.791790123224258, 12.921, 1.8227304911539488, 
12/01/2009 13:19:08, 106, 1259695148106, 12/01/2009 13:19:09, 91, 1259695149091, 12.706650122404099, 12.835, 1.8105987039672597, 
12/01/2009 13:19:09, 91, 1259695149091, 12/01/2009 13:19:10, 247, 1259695150247, 12.706650122404099, 12.835, 1.8105987039672597, 
12/01/2009 13:19:10, 247, 1259695150247, 12/01/2009 13:19:11, 28, 1259695151028, 12.683880122184753, 12.812, 1.8073541562312732, 
12/01/2009 13:19:11, 28, 1259695151028, 12/01/2009 13:19:12, 60, 1259695152060, 12.664080121994019, 12.792, 1.8045328103739149, 
12/01/2009 13:19:12, 60, 1259695152060, 12/01/2009 13:19:13, 75, 1259695153075, 12.663090121984482, 12.791, 1.804391743081047, 
12/01/2009 13:19:13, 75, 1259695153075, 12/01/2009 13:19:14, 106, 1259695154106, 12.666060122013093, 12.794, 1.8048149449596425, 
12/01/2009 13:19:14, 106, 1259695154106, 12/01/2009 13:19:15, 75, 1259695155075, 12.650220121860505, 12.778, 1.8025578682737498, 
12/01/2009 13:19:15, 75, 1259695155075, 12/01/2009 13:19:16, 231, 1259695156231, 12.650220121860505, 12.778, 1.8025578682737498, 
12/01/2009 13:19:16, 231, 1259695156231, 12/01/2009 13:19:17, 28, 1259695157028, 12.584880121231079, 12.712, 1.7932474269444303, 
12/01/2009 13:19:17, 28, 1259695157028, 12/01/2009 13:19:18, 60, 1259695158060, 12.537360120773315, 12.664, 1.786476196886748, 
12/01/2009 13:19:18, 60, 1259695158060, 12/01/2009 13:19:19, 44, 1259695159044, 12.464100120067597, 12.59, 1.7760372172144685, 
12/01/2009 13:19:19, 44, 1259695159044, 12/01/2009 13:19:20, 13, 1259695160013, 12.399750119447708, 12.525, 1.766867843178029, 
12/01/2009 13:19:20, 13, 1259695160013, 12/01/2009 13:19:21, 106, 1259695161106, 12.3294601187706, 12.454, 1.7568520653843573, 
12/01/2009 13:19:21, 106, 1259695161106, 12/01/2009 13:19:22, 231, 1259695162231, 12.3294601187706, 12.454, 1.7568520653843573, 
12/01/2009 13:19:22, 231, 1259695162231, 12/01/2009 13:19:23, 60, 1259695163060, 12.30174011850357, 12.426, 1.7529021811840388, 
12/01/2009 13:19:23, 60, 1259695163060, 12/01/2009 13:19:24, 13, 1259695164013, 12.28689011836052, 12.411, 1.7507861717910072, 
12/01/2009 13:19:24, 13, 1259695164013, 12/01/2009 13:19:25, 60, 1259695165060, 6.967620067119599, 7.038, 0.9928316072085344, 
12/01/2009 13:19:25, 60, 1259695165060, 12/01/2009 13:19:26, 44, 1259695166044, 2.021580019474029, 2.042, 0.28805941203748714, 
12/01/2009 13:19:26, 44, 1259695166044, 12/01/2009 13:19:27, 169, 1259695167169, 2.0285100195407866, 2.049, 0.28904688308756565, 
12/01/2009 13:19:27, 169, 1259695167169, 12/01/2009 13:19:28, 185, 1259695168185, 2.0285100195407866, 2.049, 0.28904688308756565, 
12/01/2009 13:19:28, 185, 1259695168185, 12/01/2009 13:19:29, 13, 1259695169013, 2.0324700195789336, 2.053, 0.28961115225904, 
12/01/2009 13:19:29, 13, 1259695169013, 12/01/2009 13:19:30, 44, 1259695170044, 2.0344500195980073, 2.055, 0.28989328684477694, 
12/01/2009 13:19:30, 44, 1259695170044, 12/01/2009 13:19:31, 106, 1259695171106, 2.0344500195980073, 2.055, 0.28989328684477694, 
12/01/2009 13:19:31, 106, 1259695171106, 12/01/2009 13:19:32, 122, 1259695172122, 2.0344500195980073, 2.055, 0.28989328684477694, 
12/01/2009 13:19:32, 122, 1259695172122, 12/01/2009 13:19:33, 75, 1259695173075, 2.0344500195980073, 2.055, 0.28989328684477694, 
12/01/2009 13:19:33, 75, 1259695173075, 12/01/2009 13:19:34, 231, 1259695174231, 10.987020105838777, 11.098, 1.565564816254661, 
12/01/2009 13:19:34, 231, 1259695174231, 12/01/2009 13:19:35, 28, 1259695175028, 12.673980122089386, 12.802, 1.8059434833025902, 
12/01/2009 13:19:35, 28, 1259695175028, 12/01/2009 13:19:36, 44, 1259695176044, 12.567060121059418, 12.694, 1.790708215672802, 
12/01/2009 13:19:36, 44, 1259695176044, 12/01/2009 13:19:37, 75, 1259695177075, 11.53251011109352, 11.649, 1.6432928946252083, 
12/01/2009 13:19:37, 75, 1259695177075, 12/01/2009 13:19:38, 44, 1259695178044, 5.911290056943893, 5.971, 0.8423128057178412, 
12/01/2009 13:19:38, 44, 1259695178044, 12/01/2009 13:19:39, 75, 1259695179075, 5.834070056200027, 5.893, 0.8313095568740997, 
12/01/2009 13:19:39, 75, 1259695179075, 12/01/2009 13:19:40, 169, 1259695180169, 5.834070056200027, 5.893, 0.8313095568740997, 
12/01/2009 13:19:40, 169, 1259695180169, 12/01/2009 13:19:41, 44, 1259695181044, 5.8271400561332705, 5.886, 0.8303220858240148, 
12/01/2009 13:19:41, 44, 1259695181044, 12/01/2009 13:19:42, 13, 1259695182013, 5.82120005607605, 5.88, 0.8294756820668047, 
12/01/2009 13:19:42, 13, 1259695182013, 12/01/2009 13:19:43, 106, 1259695183106, 5.801400055885315, 5.86, 0.8266543362094364, 
12/01/2009 13:19:43, 106, 1259695183106, 12/01/2009 13:19:44, 75, 1259695184075, 5.791500055789947, 5.85, 0.8252436632807514, 
12/01/2009 13:19:44, 75, 1259695184075, 12/01/2009 13:19:45, 75, 1259695185075, 5.773680055618286, 5.832, 0.822704452009119, 
12/01/2009 13:19:45, 75, 1259695185075, 12/01/2009 13:19:46, 247, 1259695186247, 5.773680055618286, 5.832, 0.822704452009119, 
12/01/2009 13:19:46, 247, 1259695186247, 12/01/2009 13:19:47, 28, 1259695187028, 5.771700055599212, 5.83, 0.8224223174233836, 
12/01/2009 13:19:47, 28, 1259695187028, 12/01/2009 13:19:48, 44, 1259695188044, 5.769720055580139, 5.828, 0.8221401828376487, 
12/01/2009 13:19:48, 44, 1259695188044, 12/01/2009 13:19:49, 106, 1259695189106, 5.771700055599212, 5.83, 0.8224223174233836, 
12/01/2009 13:19:49, 106, 1259695189106, 12/01/2009 13:19:50, 91, 1259695190091, 5.771700055599212, 5.83, 0.8224223174233836, 
12/01/2009 13:19:50, 91, 1259695190091, 12/01/2009 13:19:51, 122, 1259695191122, 5.773680055618286, 5.832, 0.822704452009119, 
12/01/2009 13:19:51, 122, 1259695191122, 12/01/2009 13:19:52, 247, 1259695192247, 5.773680055618286, 5.832, 0.822704452009119, 
12/01/2009 13:19:52, 247, 1259695192247, 12/01/2009 13:19:53, 75, 1259695193075, 5.775660055637359, 5.834, 0.8229865865948549, 
12/01/2009 13:19:53, 75, 1259695193075, 12/01/2009 13:19:54, 44, 1259695194044, 5.774670055627823, 5.833, 0.8228455193019907, 
12/01/2009 13:19:54, 44, 1259695194044, 12/01/2009 13:19:55, 138, 1259695195138, 5.775660055637359, 5.834, 0.8229865865948549, 
12/01/2009 13:19:55, 138, 1259695195138, 12/01/2009 13:19:56, 106, 1259695196106, 5.776650055646896, 5.835, 0.8231276538877247, 
12/01/2009 13:19:56, 106, 1259695196106, 12/01/2009 13:19:57, 91, 1259695197091, 5.7726900556087495, 5.831, 0.8225633847162529, 
12/01/2009 13:19:57, 91, 1259695197091, 12/01/2009 13:19:58, 216, 1259695198216, 5.7726900556087495, 5.831, 0.8225633847162529, 
12/01/2009 13:19:58, 216, 1259695198216, 12/01/2009 13:19:59, 28, 1259695199028, 5.773680055618286, 5.832, 0.822704452009119, 
12/01/2009 13:19:59, 28, 1259695199028, 12/01/2009 13:19:59, 997, 1259695199997, 5.775660055637359, 5.834, 0.8229865865948549, 
12/01/2009 13:19:59, 997, 1259695199997, 12/01/2009 13:20:01, 106, 1259695201106, 5.771700055599212, 5.83, 0.8224223174233836, 
12/01/2009 13:20:01, 106, 1259695201106, 12/01/2009 13:20:02, 28, 1259695202028, 5.769720055580139, 5.828, 0.8221401828376487, 
12/01/2009 13:20:02, 28, 1259695202028, 12/01/2009 13:20:03, 106, 1259695203106, 5.770710055589675, 5.829, 0.8222812501305156, 
12/01/2009 13:20:03, 106, 1259695203106, 12/01/2009 13:20:04, 169, 1259695204169, 5.770710055589675, 5.829, 0.8222812501305156, 
12/01/2009 13:20:04, 169, 1259695204169, 12/01/2009 13:20:05, 60, 1259695205060, 5.7726900556087495, 5.831, 0.8225633847162529, 
12/01/2009 13:20:05, 60, 1259695205060, 12/01/2009 13:20:06, 28, 1259695206028, 5.771700055599212, 5.83, 0.8224223174233836, 
12/01/2009 13:20:06, 28, 1259695206028, 12/01/2009 13:20:07, 106, 1259695207106, 5.768730055570602, 5.827, 0.8219991155447787, 
12/01/2009 13:20:07, 106, 1259695207106, 12/01/2009 13:20:08, 91, 1259695208091, 5.768730055570602, 5.827, 0.8219991155447787, 
12/01/2009 13:20:08, 91, 1259695208091, 12/01/2009 13:20:09, 106, 1259695209106, 5.763780055522918, 5.822, 0.8212937790804382, 
12/01/2009 13:20:09, 106, 1259695209106, 12/01/2009 13:20:10, 247, 1259695210247, 5.763780055522918, 5.822, 0.8212937790804382, 
12/01/2009 13:20:10, 247, 1259695210247, 12/01/2009 13:20:11, 44, 1259695211044, 5.765760055541992, 5.824, 0.821575913666176, 
12/01/2009 13:20:11, 44, 1259695211044, 12/01/2009 13:20:12, 28, 1259695212028, 5.762790055513381, 5.821, 0.8211527117875668, 
12/01/2009 13:20:12, 28, 1259695212028, 12/01/2009 13:20:13, 60, 1259695213060, 5.765760055541992, 5.824, 0.821575913666176, 
12/01/2009 13:20:13, 60, 1259695213060, 12/01/2009 13:20:14, 106, 1259695214106, 5.789520055770874, 5.848, 0.8249615286950158, 
12/01/2009 13:20:14, 106, 1259695214106, 12/01/2009 13:20:15, 75, 1259695215075, 5.823180056095123, 5.882, 0.8297578166525437, 
12/01/2009 13:20:15, 75, 1259695215075, 12/01/2009 13:20:16, 247, 1259695216247, 5.823180056095123, 5.882, 0.8297578166525437, 
12/01/2009 13:20:16, 247, 1259695216247, 12/01/2009 13:20:17, 28, 1259695217028, 5.304420051097869, 5.358, 0.7558385551894488, 
12/01/2009 13:20:17, 28, 1259695217028, 12/01/2009 13:20:18, 60, 1259695218060, 0.2954499962925911, 0.311, 0.09710973015464464, 
12/01/2009 13:20:18, 60, 1259695218060, 12/01/2009 13:20:19, 91, 1259695219091, 0.2982999962568283, 0.314, 0.09804647996321049, 
12/01/2009 13:20:19, 91, 1259695219091, 12/01/2009 13:20:20, 153, 1259695220153, 0.23559999704360962, 0.248, 0.07743798417476488, 
12/01/2009 13:20:20, 153, 1259695220153, 12/01/2009 13:20:21, 75, 1259695221075, 0.23464999705553055, 0.247, 0.0771257342385763, 
12/01/2009 13:20:21, 75, 1259695221075, 12/01/2009 13:20:22, 231, 1259695222231, 0.23464999705553055, 0.247, 0.0771257342385763, 
12/01/2009 13:20:22, 231, 1259695222231, 12/01/2009 13:20:23, 44, 1259695223044, 0.23369999706745148, 0.246, 0.07681348430238776, 
12/01/2009 13:20:23, 44, 1259695223044, 12/01/2009 13:20:24, 75, 1259695224075, 0.23369999706745148, 0.246, 0.07681348430238776, 
12/01/2009 13:20:24, 75, 1259695224075, 12/01/2009 13:20:25, 91, 1259695225091, 0.23369999706745148, 0.246, 0.07681348430238776, 
12/01/2009 13:20:25, 91, 1259695225091, 12/01/2009 13:20:26, 122, 1259695226122, 0.23369999706745148, 0.246, 0.07681348430238776, 
12/01/2009 13:20:26, 122, 1259695226122, 12/01/2009 13:20:27, 91, 1259695227091, 0.23369999706745148, 0.246, 0.07681348430238776, 
12/01/2009 13:20:27, 91, 1259695227091, 12/01/2009 13:20:28, 231, 1259695228231, 0.23369999706745148, 0.246, 0.07681348430238776, 
12/01/2009 13:20:28, 231, 1259695228231, 12/01/2009 13:20:29, 44, 1259695229044, 0.2327499970793724, 0.245, 0.07650123436619917, 
12/01/2009 13:20:29, 44, 1259695229044, 12/01/2009 13:20:30, 75, 1259695230075, 0.2327499970793724, 0.245, 0.07650123436619917, 
12/01/2009 13:20:30, 75, 1259695230075, 12/01/2009 13:20:31, 44, 1259695231044, 0.2327499970793724, 0.245, 0.07650123436619917, 
12/01/2009 13:20:31, 44, 1259695231044, 12/01/2009 13:20:32, 60, 1259695232060, 0.2327499970793724, 0.245, 0.07650123436619917, 
12/01/2009 13:20:32, 60, 1259695232060, 12/01/2009 13:20:33, 122, 1259695233122, 0.2327499970793724, 0.245, 0.07650123436619917, 
12/01/2009 13:20:33, 122, 1259695233122, 12/01/2009 13:20:34, 247, 1259695234247, 0.2327499970793724, 0.245, 0.07650123436619917, 
12/01/2009 13:20:34, 247, 1259695234247, 12/01/2009 13:20:34, 997, 1259695234997, 0.23179999709129334, 0.244, 0.07618898443001061, 
12/01/2009 13:20:34, 997, 1259695234997, 12/01/2009 13:20:36, 60, 1259695236060, 0.23179999709129334, 0.244, 0.07618898443001061, 
12/01/2009 13:20:36, 60, 1259695236060, 12/01/2009 13:20:37, 91, 1259695237091, 0.23179999709129334, 0.244, 0.07618898443001061, 
12/01/2009 13:20:37, 91, 1259695237091, 12/01/2009 13:20:38, 106, 1259695238106, 0.23179999709129334, 0.244, 0.07618898443001061, 
12/01/2009 13:20:38, 106, 1259695238106, 12/01/2009 13:20:39, 122, 1259695239122, 0.23179999709129334, 0.244, 0.07618898443001061, 
12/01/2009 13:20:39, 122, 1259695239122, 12/01/2009 13:20:40, 231, 1259695240231, 0.23179999709129334, 0.244, 0.07618898443001061, 
12/01/2009 13:20:40, 231, 1259695240231, 12/01/2009 13:20:41, 44, 1259695241044, 0.23179999709129334, 0.244, 0.07618898443001061, 
12/01/2009 13:20:41, 44, 1259695241044, 12/01/2009 13:20:42, 60, 1259695242060, 0.24156000232696534, 0.244, 0.034420419459915086, 
12/01/2009 13:20:42, 60, 1259695242060, 12/01/2009 13:20:43, 75, 1259695243075, 11.955240115165712, 12.076, 1.7035286286800573, 
12/01/2009 13:20:43, 75, 1259695243075, 12/01/2009 13:20:44, 122, 1259695244122, 12.77001012301445, 12.899, 1.8196270107108459, 
12/01/2009 13:20:44, 122, 1259695244122, 12/01/2009 13:20:45, 91, 1259695245091, 12.666060122013093, 12.794, 1.8048149449596425, 
12/01/2009 13:20:45, 91, 1259695245091, 12/01/2009 13:20:46, 231, 1259695246231, 12.666060122013093, 12.794, 1.8048149449596425, 
12/01/2009 13:20:46, 231, 1259695246231, 12/01/2009 13:20:47, 44, 1259695247044, 12.652200121879577, 12.78, 1.8028400028594855, 
12/01/2009 13:20:47, 44, 1259695247044, 12/01/2009 13:20:48, 60, 1259695248060, 12.646260121822356, 12.774, 1.8019935991022766, 
12/01/2009 13:20:48, 60, 1259695248060, 12/01/2009 13:20:49, 91, 1259695249091, 12.639330121755599, 12.767, 1.8010061280522016, 
12/01/2009 13:20:49, 91, 1259695249091, 12/01/2009 13:20:50, 91, 1259695250091, 12.63636012172699, 12.764, 1.8005829261735895, 
12/01/2009 13:20:50, 91, 1259695250091, 12/01/2009 13:20:51, 106, 1259695251106, 12.634380121707917, 12.762, 1.8003007915878555, 
12/01/2009 13:20:51, 106, 1259695251106, 12/01/2009 13:20:52, 247, 1259695252247, 12.634380121707917, 12.762, 1.8003007915878555, 
12/01/2009 13:20:52, 247, 1259695252247, 12/01/2009 13:20:52, 997, 1259695252997, 12.635370121717452, 12.763, 1.8004418588807292, 
12/01/2009 13:20:52, 997, 1259695252997, 12/01/2009 13:20:54, 28, 1259695254028, 12.632400121688843, 12.76, 1.8000186570021157, 
12/01/2009 13:20:54, 28, 1259695254028, 12/01/2009 13:20:55, 122, 1259695255122, 12.632400121688843, 12.76, 1.8000186570021157, 
12/01/2009 13:20:55, 122, 1259695255122, 12/01/2009 13:20:56, 106, 1259695256106, 12.632400121688843, 12.76, 1.8000186570021157, 
12/01/2009 13:20:56, 106, 1259695256106, 12/01/2009 13:20:57, 122, 1259695257122, 12.63636012172699, 12.764, 1.8005829261735895, 
12/01/2009 13:20:57, 122, 1259695257122, 12/01/2009 13:20:58, 200, 1259695258200, 12.63636012172699, 12.764, 1.8005829261735895, 
12/01/2009 13:20:58, 200, 1259695258200, 12/01/2009 13:20:59, 28, 1259695259028, 12.632400121688843, 12.76, 1.8000186570021157, 
12/01/2009 13:20:59, 28, 1259695259028, 12/01/2009 13:21:00, 44, 1259695260044, 12.640320121765138, 12.768, 1.8011471953450642, 
12/01/2009 13:21:00, 44, 1259695260044, 12/01/2009 13:21:01, 122, 1259695261122, 12.634380121707917, 12.762, 1.8003007915878555, 
12/01/2009 13:21:01, 122, 1259695261122, 12/01/2009 13:21:02, 91, 1259695262091, 12.63636012172699, 12.764, 1.8005829261735895, 
12/01/2009 13:21:02, 91, 1259695262091, 12/01/2009 13:21:03, 75, 1259695263075, 12.641310121774673, 12.769, 1.8012882626379372, 
12/01/2009 13:21:03, 75, 1259695263075, 12/01/2009 13:21:04, 231, 1259695264231, 12.641310121774673, 12.769, 1.8012882626379372, 
12/01/2009 13:21:04, 231, 1259695264231, 12/01/2009 13:21:05, 28, 1259695265028, 12.638340121746063, 12.766, 1.8008650607593257, 
12/01/2009 13:21:05, 28, 1259695265028, 12/01/2009 13:21:05, 997, 1259695265997, 12.63636012172699, 12.764, 1.8005829261735895, 
12/01/2009 13:21:05, 997, 1259695265997, 12/01/2009 13:21:07, 106, 1259695267106, 12.625470121622085, 12.753, 1.7990311859520511, 
12/01/2009 13:21:07, 106, 1259695267106, 12/01/2009 13:21:08, 13, 1259695268013, 12.622500121593475, 12.75, 1.7986079840734344, 
12/01/2009 13:21:08, 13, 1259695268013, 12/01/2009 13:21:09, 106, 1259695269106, 0.24129999697208404, 0.254, 0.07931148379189634, 
12/01/2009 13:21:09, 106, 1259695269106, 12/01/2009 13:21:10, 185, 1259695270185, 0.24129999697208404, 0.254, 0.07931148379189634, 
12/01/2009 13:21:10, 185, 1259695270185, 12/01/2009 13:21:11, 60, 1259695271060, 0.2365499970316887, 0.249, 0.07775023411095347, 
12/01/2009 13:21:11, 60, 1259695271060, 12/01/2009 13:21:12, 28, 1259695272028, 0.2327499970793724, 0.245, 0.07650123436619917, 
12/01/2009 13:21:12, 28, 1259695272028, 12/01/2009 13:21:13, 106, 1259695273106, 0.23084999710321427, 0.243, 0.075876734493822, 
12/01/2009 13:21:13, 106, 1259695273106, 12/01/2009 13:21:14, 91, 1259695274091, 0.23084999710321427, 0.243, 0.075876734493822, 
12/01/2009 13:21:14, 91, 1259695274091, 12/01/2009 13:21:15, 106, 1259695275106, 0.22989999711513517, 0.242, 0.07556448455763352, 
12/01/2009 13:21:15, 106, 1259695275106, 12/01/2009 13:21:16, 247, 1259695276247, 0.22989999711513517, 0.242, 0.07556448455763352, 
12/01/2009 13:21:16, 247, 1259695276247, 12/01/2009 13:21:17, 28, 1259695277028, 0.22989999711513517, 0.242, 0.07556448455763352, 
12/01/2009 13:21:17, 28, 1259695277028, 12/01/2009 13:21:18, 28, 1259695278028, 0.22989999711513517, 0.242, 0.07556448455763352, 
12/01/2009 13:21:18, 28, 1259695278028, 12/01/2009 13:21:19, 122, 1259695279122, 0.22989999711513517, 0.242, 0.07556448455763352, 
12/01/2009 13:21:19, 122, 1259695279122, 12/01/2009 13:21:20, 91, 1259695280091, 0.22989999711513517, 0.242, 0.07556448455763352, 
12/01/2009 13:21:20, 91, 1259695280091, 12/01/2009 13:21:21, 75, 1259695281075, 0.23084999710321427, 0.243, 0.075876734493822, 
12/01/2009 13:21:21, 75, 1259695281075, 12/01/2009 13:21:22, 247, 1259695282247, 0.2405700023174286, 0.243, 0.03427935216704655, 
12/01/2009 13:21:22, 247, 1259695282247, 12/01/2009 13:21:23, 28, 1259695283028, 4.701510045289993, 4.749, 0.6699285738325301, 
12/01/2009 13:21:23, 28, 1259695283028, 12/01/2009 13:21:24, 44, 1259695284044, 5.846940056324005, 5.906, 0.8331434316813864, 
12/01/2009 13:21:24, 44, 1259695284044, 12/01/2009 13:21:25, 75, 1259695285075, 5.818230056047439, 5.877, 0.8290524801882007, 
12/01/2009 13:21:25, 75, 1259695285075, 12/01/2009 13:21:26, 106, 1259695286106, 5.808330055952072, 5.867, 0.8276418072595184, 
12/01/2009 13:21:26, 106, 1259695286106, 12/01/2009 13:21:27, 122, 1259695287122, 5.782590055704117, 5.841, 0.8239740576449384, 
12/01/2009 13:21:27, 122, 1259695287122, 12/01/2009 13:21:28, 216, 1259695288216, 5.782590055704117, 5.841, 0.8239740576449384, 
12/01/2009 13:21:28, 216, 1259695288216, 12/01/2009 13:21:29, 28, 1259695289028, 5.792490055799484, 5.851, 0.8253847305736188, 
12/01/2009 13:21:29, 28, 1259695289028, 12/01/2009 13:21:29, 997, 1259695289997, 5.792490055799484, 5.851, 0.8253847305736188, 
12/01/2009 13:21:29, 997, 1259695289997, 12/01/2009 13:21:31, 106, 1259695291106, 5.789520055770874, 5.848, 0.8249615286950158, 
12/01/2009 13:21:31, 106, 1259695291106, 12/01/2009 13:21:32, 28, 1259695292028, 5.785560055732727, 5.844, 0.8243972595235419, 
12/01/2009 13:21:32, 28, 1259695292028, 12/01/2009 13:21:33, 153, 1259695293153, 5.472720052719116, 5.528, 0.7798199949770914, 
12/01/2009 13:21:33, 153, 1259695293153, 12/01/2009 13:21:34, 200, 1259695294200, 5.472720052719116, 5.528, 0.7798199949770914, 
12/01/2009 13:21:34, 200, 1259695294200, 12/01/2009 13:21:35, 60, 1259695295060, 0.29164999634027483, 0.307, 0.09586073040989035, 
12/01/2009 13:21:35, 60, 1259695295060, 12/01/2009 13:21:36, 75, 1259695296075, 0.3058999961614609, 0.322, 0.10054447945271891, 
12/01/2009 13:21:36, 75, 1259695296075, 12/01/2009 13:21:37, 106, 1259695297106, 0.23179999709129334, 0.244, 0.07618898443001061, 
12/01/2009 13:21:37, 106, 1259695297106, 12/01/2009 13:21:38, 44, 1259695298044, 0.23084999710321427, 0.243, 0.075876734493822, 
12/01/2009 13:21:38, 44, 1259695298044, 12/01/2009 13:21:39, 122, 1259695299122, 0.22989999711513517, 0.242, 0.07556448455763352, 
12/01/2009 13:21:39, 122, 1259695299122, 12/01/2009 13:21:40, 216, 1259695300216, 0.22989999711513517, 0.242, 0.07556448455763352, 
12/01/2009 13:21:40, 216, 1259695300216, 12/01/2009 13:21:41, 60, 1259695301060, 0.22989999711513517, 0.242, 0.07556448455763352, 
12/01/2009 13:21:41, 60, 1259695301060, 12/01/2009 13:21:42, 44, 1259695302044, 0.22989999711513517, 0.242, 0.07556448455763352, 
12/01/2009 13:21:42, 44, 1259695302044, 12/01/2009 13:21:43, 91, 1259695303091, 0.2289499971270561, 0.241, 0.07525223462144495, 
12/01/2009 13:21:43, 91, 1259695303091, 12/01/2009 13:21:44, 106, 1259695304106, 0.2289499971270561, 0.241, 0.07525223462144495, 
12/01/2009 13:21:44, 106, 1259695304106, 12/01/2009 13:21:45, 153, 1259695305153, 0.2289499971270561, 0.241, 0.07525223462144495, 
12/01/2009 13:21:45, 153, 1259695305153, 12/01/2009 13:21:46, 216, 1259695306216, 0.2289499971270561, 0.241, 0.07525223462144495, 
12/01/2009 13:21:46, 216, 1259695306216, 12/01/2009 13:21:47, 28, 1259695307028, 0.2289499971270561, 0.241, 0.07525223462144495, 
12/01/2009 13:21:47, 28, 1259695307028, 12/01/2009 13:21:48, 60, 1259695308060, 0.2289499971270561, 0.241, 0.07525223462144495, 
12/01/2009 13:21:48, 60, 1259695308060, 12/01/2009 13:21:49, 91, 1259695309091, 0.2289499971270561, 0.241, 0.07525223462144495, 
12/01/2009 13:21:49, 91, 1259695309091, 12/01/2009 13:21:50, 122, 1259695310122, 0.2289499971270561, 0.241, 0.07525223462144495, 
12/01/2009 13:21:50, 122, 1259695310122, 12/01/2009 13:21:51, 91, 1259695311091, 0.2289499971270561, 0.241, 0.07525223462144495, 
12/01/2009 13:21:51, 91, 1259695311091, 12/01/2009 13:21:52, 278, 1259695312278, 0.2289499971270561, 0.241, 0.07525223462144495, 
12/01/2009 13:21:52, 278, 1259695312278, 12/01/2009 13:21:53, 91, 1259695313091, 0.22799999713897703, 0.24, 0.07493998468525641, 
12/01/2009 13:21:53, 91, 1259695313091, 12/01/2009 13:21:54, 122, 1259695314122, 0.2289499971270561, 0.241, 0.07525223462144495, 
12/01/2009 13:21:54, 122, 1259695314122, 12/01/2009 13:21:55, 91, 1259695315091, 0.2289499971270561, 0.241, 0.07525223462144495, 
12/01/2009 13:21:55, 91, 1259695315091, 12/01/2009 13:21:56, 153, 1259695316153, 0.22799999713897703, 0.24, 0.07493998468525641, 
12/01/2009 13:21:56, 153, 1259695316153, 12/01/2009 13:21:57, 91, 1259695317091, 0.22799999713897703, 0.24, 0.07493998468525641, 
12/01/2009 13:21:57, 91, 1259695317091, 12/01/2009 13:21:58, 247, 1259695318247, 0.22799999713897703, 0.24, 0.07493998468525641, 
12/01/2009 13:21:58, 247, 1259695318247, 12/01/2009 13:21:59, 44, 1259695319044, 0.22799999713897703, 0.24, 0.07493998468525641, 
12/01/2009 13:21:59, 44, 1259695319044, 12/01/2009 13:22:00, 75, 1259695320075, 0.22799999713897703, 0.24, 0.07493998468525641, 
12/01/2009 13:22:00, 75, 1259695320075, 12/01/2009 13:22:01, 122, 1259695321122, 0.22799999713897703, 0.24, 0.07493998468525641, 
12/01/2009 13:22:01, 122, 1259695321122, 12/01/2009 13:22:02, 153, 1259695322153, 0.22799999713897703, 0.24, 0.07493998468525641, 
12/01/2009 13:22:02, 153, 1259695322153, 12/01/2009 13:22:03, 169, 1259695323169, 0.22704999715089796, 0.239, 0.07462773474906782, 
12/01/2009 13:22:03, 169, 1259695323169, 12/01/2009 13:22:04, 294, 1259695324294, 0.22704999715089796, 0.239, 0.07462773474906782, 
12/01/2009 13:22:04, 294, 1259695324294, 12/01/2009 13:22:05, 75, 1259695325075, 0.22704999715089796, 0.239, 0.07462773474906782, 
12/01/2009 13:22:05, 75, 1259695325075, 12/01/2009 13:22:06, 106, 1259695326106, 0.22704999715089796, 0.239, 0.07462773474906782, 
12/01/2009 13:22:06, 106, 1259695326106, 12/01/2009 13:22:07, 122, 1259695327122, 0.22704999715089796, 0.239, 0.07462773474906782, 
12/01/2009 13:22:07, 122, 1259695327122, 12/01/2009 13:22:08, 153, 1259695328153, 0.22704999715089796, 0.239, 0.07462773474906782, 
12/01/2009 13:22:08, 153, 1259695328153, 12/01/2009 13:22:09, 122, 1259695329122, 0.22704999715089796, 0.239, 0.07462773474906782, 
12/01/2009 13:22:09, 122, 1259695329122, 12/01/2009 13:22:10, 278, 1259695330278, 0.22704999715089796, 0.239, 0.07462773474906782, 
12/01/2009 13:22:10, 278, 1259695330278, 12/01/2009 13:22:11, 75, 1259695331075, 0.22704999715089796, 0.239, 0.07462773474906782, 
12/01/2009 13:22:11, 75, 1259695331075, 12/01/2009 13:22:12, 60, 1259695332060, 0.22704999715089796, 0.239, 0.07462773474906782, 
12/01/2009 13:22:12, 60, 1259695332060, 12/01/2009 13:22:13, 91, 1259695333091, 0.22704999715089796, 0.239, 0.07462773474906782, 
12/01/2009 13:22:13, 91, 1259695333091, 12/01/2009 13:22:14, 138, 1259695334138, 4.386690042257309, 4.431, 0.6250691747003403, 
12/01/2009 13:22:14, 138, 1259695334138, 12/01/2009 13:22:15, 91, 1259695335091, 5.898420056819916, 5.958, 0.8404789309105531, 
12/01/2009 13:22:15, 91, 1259695335091, 12/01/2009 13:22:16, 247, 1259695336247, 5.868720056533814, 5.928, 0.8362469121244929, 
12/01/2009 13:22:16, 247, 1259695336247, 12/01/2009 13:22:17, 44, 1259695337044, 7.914060076236725, 7.994, 1.1276919391908256, 
12/01/2009 13:22:17, 44, 1259695337044, 12/01/2009 13:22:18, 75, 1259695338075, 12.80961012339592, 12.939, 1.8252697024255768, 
12/01/2009 13:22:18, 75, 1259695338075, 12/01/2009 13:22:19, 106, 1259695339106, 9.992070096254348, 10.093, 1.4237921869218197, 
12/01/2009 13:22:19, 106, 1259695339106, 12/01/2009 13:22:20, 200, 1259695340200, 5.862780056476593, 5.922, 0.835400508367282, 
12/01/2009 13:22:20, 200, 1259695340200, 12/01/2009 13:22:21, 169, 1259695341169, 5.854860056400299, 5.914, 0.8342719700243324, 
12/01/2009 13:22:21, 169, 1259695341169, 12/01/2009 13:22:22, 294, 1259695342294, 5.841990056276321, 5.901, 0.8324380952170458, 
12/01/2009 13:22:22, 294, 1259695342294, 12/01/2009 13:22:23, 60, 1259695343060, 4.4253000426292415, 4.47, 0.6305707991222184, 
12/01/2009 13:22:23, 60, 1259695343060, 12/01/2009 13:22:24, 106, 1259695344106, 5.199480050086975, 5.252, 0.7408854221453866, 
12/01/2009 13:22:24, 106, 1259695344106, 12/01/2009 13:22:25, 169, 1259695345169, 5.8429800562858585, 5.902, 0.8325791625099142, 
12/01/2009 13:22:25, 169, 1259695345169, 12/01/2009 13:22:26, 153, 1259695346153, 10.448460100650788, 10.554, 1.488824208934193, 
12/01/2009 13:22:26, 153, 1259695346153, 12/01/2009 13:22:27, 122, 1259695347122, 12.753180122852324, 12.882, 1.8172288667320848, 
12/01/2009 13:22:27, 122, 1259695347122, 12/01/2009 13:22:28, 294, 1259695348294, 7.564590072870255, 7.641, 1.0778951848082414, 
12/01/2009 13:22:28, 294, 1259695348294, 12/01/2009 13:22:29, 75, 1259695349075, 4.494600043296814, 4.54, 0.6404455096230091, 
12/01/2009 13:22:29, 75, 1259695349075, 12/01/2009 13:22:30, 44, 1259695350044, 10.391040100097657, 10.496, 1.4806423059478242, 
12/01/2009 13:22:30, 44, 1259695350044, 12/01/2009 13:22:31, 122, 1259695351122, 12.728430122613906, 12.857, 1.8137021844103702, 
12/01/2009 13:22:31, 122, 1259695351122, 12/01/2009 13:22:32, 185, 1259695352185, 8.554590082406998, 8.641, 1.2189624776767511, 
12/01/2009 13:22:32, 185, 1259695352185, 12/01/2009 13:22:33, 75, 1259695353075, 8.409060081005096, 8.494, 1.1982255856250736, 
12/01/2009 13:22:33, 75, 1259695353075, 12/01/2009 13:22:34, 231, 1259695354231, 8.397180080890655, 8.482, 1.196532778110661, 
12/01/2009 13:22:34, 231, 1259695354231, 12/01/2009 13:22:35, 91, 1259695355091, 8.391240080833436, 8.476, 1.1956863743534456, 
12/01/2009 13:22:35, 91, 1259695355091, 12/01/2009 13:22:36, 75, 1259695356075, 3.908520037651062, 3.948, 0.5569336722448556, 
12/01/2009 13:22:36, 75, 1259695356075, 12/01/2009 13:22:37, 106, 1259695357106, 2.841300027370453, 2.87, 0.40486313053260775, 
12/01/2009 13:22:37, 106, 1259695357106, 12/01/2009 13:22:38, 138, 1259695358138, 2.837340027332306, 2.866, 0.4042988613611362, 
12/01/2009 13:22:38, 138, 1259695358138, 12/01/2009 13:22:39, 106, 1259695359106, 2.8284300272464753, 2.857, 0.4030292557253167, 
12/01/2009 13:22:39, 106, 1259695359106, 12/01/2009 13:22:40, 263, 1259695360263, 2.8442700273990633, 2.873, 0.405286332411213, 
12/01/2009 13:22:40, 263, 1259695360263, 12/01/2009 13:22:41, 75, 1259695361075, 2.8422900273799896, 2.871, 0.40500419782547736, 
12/01/2009 13:22:41, 75, 1259695361075, 12/01/2009 13:22:42, 91, 1259695362091, 4.841100046634674, 4.89, 0.6898190621269864, 
12/01/2009 13:22:42, 91, 1259695362091, 12/01/2009 13:22:43, 106, 1259695363106, 8.527860082149507, 8.614, 1.2151536607692945, 
12/01/2009 13:22:43, 106, 1259695363106, 12/01/2009 13:22:44, 185, 1259695364185, 8.453610081434249, 8.539, 1.2045736138041618, 
12/01/2009 13:22:44, 185, 1259695364185, 12/01/2009 13:22:45, 122, 1259695365122, 8.423910081148147, 8.509, 1.20034159501811, 
12/01/2009 13:22:45, 122, 1259695365122, 12/01/2009 13:22:46, 278, 1259695366278, 8.40807008099556, 8.493, 1.1980845183322029, 
12/01/2009 13:22:46, 278, 1259695366278, 12/01/2009 13:22:47, 106, 1259695367106, 8.764470084428787, 8.853, 1.248868743764872, 
12/01/2009 13:22:47, 106, 1259695367106, 12/01/2009 13:22:48, 91, 1259695368091, 12.723480122566224, 12.852, 1.8129968479460177, 
12/01/2009 13:22:48, 91, 1259695368091, 12/01/2009 13:22:49, 122, 1259695369122, 12.665070122003554, 12.793, 1.8046738776667852, 
12/01/2009 13:22:49, 122, 1259695369122, 12/01/2009 13:22:50, 169, 1259695370169, 12.644280121803284, 12.772, 1.8017114645165395, 
12/01/2009 13:22:50, 169, 1259695370169, 12/01/2009 13:22:51, 75, 1259695371075, 10.434600100517272, 10.54, 1.4868492668340392, 
12/01/2009 13:22:51, 75, 1259695371075, 12/01/2009 13:22:52, 216, 1259695372216, 2.093850020170212, 2.115, 0.2983573244168884, 
12/01/2009 13:22:52, 216, 1259695372216, 12/01/2009 13:22:53, 75, 1259695373075, 2.095830020189285, 2.117, 0.29863945900262573, 
12/01/2009 13:22:53, 75, 1259695373075, 12/01/2009 13:22:54, 44, 1259695374044, 2.096820020198822, 2.118, 0.2987805262954934, 
12/01/2009 13:22:54, 44, 1259695374044, 12/01/2009 13:22:55, 91, 1259695375091, 2.097810020208359, 2.119, 0.2989215935883614, 
12/01/2009 13:22:55, 91, 1259695375091, 12/01/2009 13:22:56, 153, 1259695376153, 2.096820020198822, 2.118, 0.2987805262954934, 
12/01/2009 13:22:56, 153, 1259695376153, 12/01/2009 13:22:57, 106, 1259695377106, 2.095830020189285, 2.117, 0.29863945900262573, 
12/01/2009 13:22:57, 106, 1259695377106, 12/01/2009 13:22:58, 278, 1259695378278, 2.097810020208359, 2.119, 0.2989215935883614, 
12/01/2009 13:22:58, 278, 1259695378278, 12/01/2009 13:22:59, 75, 1259695379075, 2.097810020208359, 2.119, 0.2989215935883614, 
12/01/2009 13:22:59, 75, 1259695379075, 12/01/2009 13:23:00, 91, 1259695380091, 2.099790020227432, 2.121, 0.2992037281740985, 
12/01/2009 13:23:00, 91, 1259695380091, 12/01/2009 13:23:01, 106, 1259695381106, 2.099790020227432, 2.121, 0.2992037281740985, 
12/01/2009 13:23:01, 106, 1259695381106, 12/01/2009 13:23:02, 153, 1259695382153, 2.0988000202178956, 2.12, 0.2990626608812298, 
12/01/2009 13:23:02, 153, 1259695382153, 12/01/2009 13:23:03, 106, 1259695383106, 2.0988000202178956, 2.12, 0.2990626608812298, 
12/01/2009 13:23:03, 106, 1259695383106, 12/01/2009 13:23:04, 294, 1259695384294, 2.097810020208359, 2.119, 0.2989215935883614, 
12/01/2009 13:23:04, 294, 1259695384294, 12/01/2009 13:23:05, 106, 1259695385106, 2.0988000202178956, 2.12, 0.2990626608812298, 
12/01/2009 13:23:05, 106, 1259695385106, 12/01/2009 13:23:06, 75, 1259695386075, 1.5345000147819519, 1.55, 0.2186543039461827, 
12/01/2009 13:23:06, 75, 1259695386075, 12/01/2009 13:23:07, 122, 1259695387122, 1.2830400123596193, 1.296, 0.18282321155758097, 
12/01/2009 13:23:07, 122, 1259695387122, 12/01/2009 13:23:08, 169, 1259695388169, 1.2771000123023988, 1.29, 0.18197680780037034, 
12/01/2009 13:23:08, 169, 1259695388169, 12/01/2009 13:23:09, 106, 1259695389106, 1.2731400122642518, 1.286, 0.18141253862889675, 
12/01/2009 13:23:09, 106, 1259695389106, 12/01/2009 13:23:10, 247, 1259695390247, 1.2711600122451783, 1.284, 0.1811304040431596, 
12/01/2009 13:23:10, 247, 1259695390247, 12/01/2009 13:23:11, 91, 1259695391091, 1.469160014152527, 1.484, 0.20934386261685975, 
12/01/2009 13:23:11, 91, 1259695391091, 12/01/2009 13:23:12, 106, 1259695392106, 1.7443800168037416, 1.762, 0.24856057003430426, 
12/01/2009 13:23:12, 106, 1259695392106, 12/01/2009 13:23:13, 91, 1259695393091, 1.7414100167751312, 1.759, 0.24813736815569903, 
12/01/2009 13:23:13, 91, 1259695393091, 12/01/2009 13:23:14, 153, 1259695394153, 1.7394300167560577, 1.757, 0.24785523356996186, 
12/01/2009 13:23:14, 153, 1259695394153, 12/01/2009 13:23:15, 91, 1259695395091, 1.738440016746521, 1.756, 0.24771416627709392, 
12/01/2009 13:23:15, 91, 1259695395091, 12/01/2009 13:23:16, 278, 1259695396278, 4.1035500395298, 4.145, 0.5847239289399511, 
12/01/2009 13:23:16, 278, 1259695396278, 12/01/2009 13:23:17, 106, 1259695397106, 4.893570047140121, 4.943, 0.6972956286490212, 
12/01/2009 13:23:17, 106, 1259695397106, 12/01/2009 13:23:18, 91, 1259695398091, 5.849910056352615, 5.909, 0.8335666335599913, 
12/01/2009 13:23:18, 91, 1259695398091, 12/01/2009 13:23:19, 106, 1259695399106, 5.86377005648613, 5.923, 0.8355415756601496, 
12/01/2009 13:23:19, 106, 1259695399106, 12/01/2009 13:23:20, 169, 1259695400169, 5.845950056314469, 5.905, 0.8330023643885176, 
12/01/2009 13:23:20, 169, 1259695400169, 12/01/2009 13:23:21, 91, 1259695401091, 5.8350600562095645, 5.894, 0.8314506241669627, 
12/01/2009 13:23:21, 91, 1259695401091, 12/01/2009 13:23:22, 294, 1259695402294, 3.110299960970879, 3.274, 1.022306291081371, 
12/01/2009 13:23:22, 294, 1259695402294, 12/01/2009 13:23:23, 91, 1259695403091, 0.3191999959945679, 0.336, 0.1049159785593589, 
12/01/2009 13:23:23, 91, 1259695403091, 12/01/2009 13:23:24, 75, 1259695404075, 0.23559999704360962, 0.248, 0.07743798417476488, 
12/01/2009 13:23:24, 75, 1259695404075, 12/01/2009 13:23:25, 91, 1259695405091, 0.23084999710321427, 0.243, 0.075876734493822, 
12/01/2009 13:23:25, 91, 1259695405091, 12/01/2009 13:23:26, 200, 1259695406200, 0.22799999713897703, 0.24, 0.07493998468525641, 
12/01/2009 13:23:26, 200, 1259695406200, 12/01/2009 13:23:27, 91, 1259695407091, 0.22704999715089796, 0.239, 0.07462773474906782, 
12/01/2009 13:23:27, 91, 1259695407091, 12/01/2009 13:23:28, 247, 1259695408247, 0.2260999971628189, 0.238, 0.07431548481287922, 
12/01/2009 13:23:28, 247, 1259695408247, 12/01/2009 13:23:29, 122, 1259695409122, 0.22514999717473982, 0.237, 0.07400323487669067, 
12/01/2009 13:23:29, 122, 1259695409122, 12/01/2009 13:23:30, 91, 1259695410091, 0.22514999717473982, 0.237, 0.07400323487669067, 
12/01/2009 13:23:30, 91, 1259695410091, 12/01/2009 13:23:31, 122, 1259695411122, 0.22514999717473982, 0.237, 0.07400323487669067, 
12/01/2009 13:23:31, 122, 1259695411122, 12/01/2009 13:23:32, 200, 1259695412200, 0.22514999717473982, 0.237, 0.07400323487669067, 
12/01/2009 13:23:32, 200, 1259695412200, 12/01/2009 13:23:33, 122, 1259695413122, 0.22514999717473982, 0.237, 0.07400323487669067, 
12/01/2009 13:23:33, 122, 1259695413122, 12/01/2009 13:23:34, 278, 1259695414278, 0.14260000258684158, 0.155, 0.060747339548598955, 
12/01/2009 13:23:34, 278, 1259695414278, 12/01/2009 13:23:35, 310, 1259695415310, 0.0, 0.0, 0.0, 
12/01/2009 13:23:35, 310, 1259695415310, 12/01/2009 13:23:36, 153, 1259695416153, 0.0, 0.0, 0.0, 
12/01/2009 13:23:36, 153, 1259695416153, 12/01/2009 13:23:37, 122, 1259695417122, 0.0, 0.0, 0.0, 
12/01/2009 13:23:37, 122, 1259695417122, 12/01/2009 13:23:38, 169, 1259695418169, 0.0, 0.0, 0.0, 
12/01/2009 13:23:38, 169, 1259695418169, 12/01/2009 13:23:39, 138, 1259695419138, 0.0, 0.0, 0.0, 
12/01/2009 13:23:39, 138, 1259695419138, 12/01/2009 13:23:40, 247, 1259695420247, 0.0, 0.0, 0.0, 
12/01/2009 13:23:40, 247, 1259695420247, 12/01/2009 13:23:41, 325, 1259695421325, 0.9987600054740905, 1.148, 0.5660233665365719, 
12/01/2009 13:23:41, 325, 1259695421325, 12/01/2009 13:23:42, 122, 1259695422122, 5.836050056219101, 5.895, 0.8315916914598355, 
12/01/2009 13:23:42, 122, 1259695422122, 12/01/2009 13:23:43, 91, 1259695423091, 11.31669010901451, 11.431, 1.6125402247798706, 
12/01/2009 13:23:43, 91, 1259695423091, 12/01/2009 13:23:44, 200, 1259695424200, 12.598740121364594, 12.726, 1.795222369044593, 
12/01/2009 13:23:44, 200, 1259695424200, 12/01/2009 13:23:45, 91, 1259695425091, 12.530430120706558, 12.657, 1.7854887258366579, 
12/01/2009 13:23:45, 91, 1259695425091, 12/01/2009 13:23:46, 247, 1259695426247, 12.499740120410918, 12.626, 1.781115639757748, 
12/01/2009 13:23:46, 247, 1259695426247, 12/01/2009 13:23:47, 106, 1259695427106, 12.484890120267869, 12.611, 1.7789996303647095, 
12/01/2009 13:23:47, 106, 1259695427106, 12/01/2009 13:23:48, 153, 1259695428153, 12.475980120182038, 12.602, 1.777730024728892, 
12/01/2009 13:23:48, 153, 1259695428153, 12/01/2009 13:23:49, 106, 1259695429106, 12.471030120134353, 12.597, 1.7770246882645515, 
12/01/2009 13:23:49, 106, 1259695429106, 12/01/2009 13:23:50, 200, 1259695430200, 12.472020120143892, 12.598, 1.7771657555574112, 
12/01/2009 13:23:50, 200, 1259695430200, 12/01/2009 13:23:51, 122, 1259695431122, 12.465090120077132, 12.591, 1.7761782845073424, 
12/01/2009 13:23:51, 122, 1259695431122, 12/01/2009 13:23:52, 247, 1259695432247, 12.467070120096206, 12.593, 1.7764604190930817, 
12/01/2009 13:23:52, 247, 1259695432247, 12/01/2009 13:23:53, 294, 1259695433294, 12.466080120086671, 12.592, 1.7763193518002027, 
12/01/2009 13:23:53, 294, 1259695433294, 12/01/2009 13:23:54, 153, 1259695434153, 10.379160099983215, 10.484, 1.4789494984333997, 
12/01/2009 13:23:54, 153, 1259695434153, 12/01/2009 13:23:55, 122, 1259695435122, 5.717250055074692, 5.775, 0.8146636163156119, 
12/01/2009 13:23:55, 122, 1259695435122, 12/01/2009 13:23:56, 200, 1259695436200, 5.704380054950714, 5.762, 0.812829741508322, 
12/01/2009 13:23:56, 200, 1259695436200, 12/01/2009 13:23:57, 122, 1259695437122, 5.685570054769516, 5.743, 0.8101494629438218, 
12/01/2009 13:23:57, 122, 1259695437122, 12/01/2009 13:23:58, 278, 1259695438278, 5.681610054731369, 5.739, 0.8095851937723477, 
12/01/2009 13:23:58, 278, 1259695438278, 12/01/2009 13:23:59, 310, 1259695439310, 5.6796300547122955, 5.737, 0.8093030591866115, 
12/01/2009 13:23:59, 310, 1259695439310, 12/01/2009 13:24:00, 106, 1259695440106, 5.6796300547122955, 5.737, 0.8093030591866115, 
12/01/2009 13:24:00, 106, 1259695440106, 12/01/2009 13:24:01, 153, 1259695441153, 5.6717100546360015, 5.729, 0.8081745208436625, 
12/01/2009 13:24:01, 153, 1259695441153, 12/01/2009 13:24:02, 231, 1259695442231, 5.673690054655075, 5.731, 0.8084566554294011, 
12/01/2009 13:24:02, 231, 1259695442231, 12/01/2009 13:24:03, 106, 1259695443106, 5.6717100546360015, 5.729, 0.8081745208436625, 
12/01/2009 13:24:03, 106, 1259695443106, 12/01/2009 13:24:04, 231, 1259695444231, 5.672700054645539, 5.73, 0.8083155881365313, 
12/01/2009 13:24:04, 231, 1259695444231, 12/01/2009 13:24:05, 106, 1259695445106, 5.672700054645539, 5.73, 0.8083155881365313, 
12/01/2009 13:24:05, 106, 1259695445106, 12/01/2009 13:24:06, 153, 1259695446153, 5.672700054645539, 5.73, 0.8083155881365313, 
12/01/2009 13:24:06, 153, 1259695446153, 12/01/2009 13:24:07, 122, 1259695447122, 5.672700054645539, 5.73, 0.8083155881365313, 
12/01/2009 13:24:07, 122, 1259695447122, 12/01/2009 13:24:08, 200, 1259695448200, 5.673690054655075, 5.731, 0.8084566554294011, 
12/01/2009 13:24:08, 200, 1259695448200, 12/01/2009 13:24:09, 106, 1259695449106, 5.672700054645539, 5.73, 0.8083155881365313, 
12/01/2009 13:24:09, 106, 1259695449106, 12/01/2009 13:24:10, 263, 1259695450263, 5.674680054664612, 5.732, 0.8085977227222724, 
12/01/2009 13:24:10, 263, 1259695450263, 12/01/2009 13:24:11, 325, 1259695451325, 5.674680054664612, 5.732, 0.8085977227222724, 
12/01/2009 13:24:11, 325, 1259695451325, 12/01/2009 13:24:12, 153, 1259695452153, 5.675670054674148, 5.733, 0.8087387900151404, 
12/01/2009 13:24:12, 153, 1259695452153, 12/01/2009 13:24:13, 153, 1259695453153, 5.675670054674148, 5.733, 0.8087387900151404, 
12/01/2009 13:24:13, 153, 1259695453153, 12/01/2009 13:24:14, 200, 1259695454200, 5.675670054674148, 5.733, 0.8087387900151404, 
12/01/2009 13:24:14, 200, 1259695454200, 12/01/2009 13:24:15, 231, 1259695455231, 5.674680054664612, 5.732, 0.8085977227222724, 
12/01/2009 13:24:15, 231, 1259695455231, 12/01/2009 13:24:16, 263, 1259695456263, 5.673690054655075, 5.731, 0.8084566554294011, 
12/01/2009 13:24:16, 263, 1259695456263, 12/01/2009 13:24:17, 325, 1259695457325, 5.677650054693222, 5.735, 0.8090209246008713, 
12/01/2009 13:24:17, 325, 1259695457325, 12/01/2009 13:24:18, 91, 1259695458091, 5.672700054645539, 5.73, 0.8083155881365313, 
12/01/2009 13:24:18, 91, 1259695458091, 12/01/2009 13:24:19, 122, 1259695459122, 5.669730054616928, 5.727, 0.8078923862579244, 
12/01/2009 13:24:19, 122, 1259695459122, 12/01/2009 13:24:20, 231, 1259695460231, 5.668740054607391, 5.726, 0.8077513189650593, 
12/01/2009 13:24:20, 231, 1259695460231, 12/01/2009 13:24:21, 138, 1259695461138, 5.673690054655075, 5.731, 0.8084566554294011, 
12/01/2009 13:24:21, 138, 1259695461138, 12/01/2009 13:24:22, 278, 1259695462278, 5.676660054683685, 5.734, 0.8088798573080096, 
12/01/2009 13:24:22, 278, 1259695462278, 12/01/2009 13:24:23, 153, 1259695463153, 5.677650054693222, 5.735, 0.8090209246008713, 
12/01/2009 13:24:23, 153, 1259695463153, 12/01/2009 13:24:24, 122, 1259695464122, 5.676660054683685, 5.734, 0.8088798573080096, 
12/01/2009 13:24:24, 122, 1259695464122, 12/01/2009 13:24:25, 153, 1259695465153, 5.676660054683685, 5.734, 0.8088798573080096, 
12/01/2009 13:24:25, 153, 1259695465153, 12/01/2009 13:24:26, 185, 1259695466185, 5.6786400547027585, 5.736, 0.8091619918937429, 
12/01/2009 13:24:26, 185, 1259695466185, 12/01/2009 13:24:27, 153, 1259695467153, 5.6786400547027585, 5.736, 0.8091619918937429, 
12/01/2009 13:24:27, 153, 1259695467153, 12/01/2009 13:24:28, 310, 1259695468310, 5.6796300547122955, 5.737, 0.8093030591866115, 
12/01/2009 13:24:28, 310, 1259695468310, 12/01/2009 13:24:29, 153, 1259695469153, 5.677650054693222, 5.735, 0.8090209246008713, 
12/01/2009 13:24:29, 153, 1259695469153, 12/01/2009 13:24:30, 122, 1259695470122, 5.676660054683685, 5.734, 0.8088798573080096, 
12/01/2009 13:24:30, 122, 1259695470122, 12/01/2009 13:24:31, 106, 1259695471106, 5.676660054683685, 5.734, 0.8088798573080096, 
12/01/2009 13:24:31, 106, 1259695471106, 12/01/2009 13:24:32, 185, 1259695472185, 5.677650054693222, 5.735, 0.8090209246008713, 
12/01/2009 13:24:32, 185, 1259695472185, 12/01/2009 13:24:33, 106, 1259695473106, 5.676660054683685, 5.734, 0.8088798573080096, 
12/01/2009 13:24:33, 106, 1259695473106, 12/01/2009 13:24:34, 310, 1259695474310, 5.677650054693222, 5.735, 0.8090209246008713, 
12/01/2009 13:24:34, 310, 1259695474310, 12/01/2009 13:24:35, 122, 1259695475122, 5.677650054693222, 5.735, 0.8090209246008713, 
12/01/2009 13:24:35, 122, 1259695475122, 12/01/2009 13:24:36, 153, 1259695476153, 5.669730054616928, 5.727, 0.8078923862579244, 
12/01/2009 13:24:36, 153, 1259695476153, 12/01/2009 13:24:37, 185, 1259695477185, 5.6717100546360015, 5.729, 0.8081745208436625, 
12/01/2009 13:24:37, 185, 1259695477185, 12/01/2009 13:24:38, 200, 1259695478200, 5.672700054645539, 5.73, 0.8083155881365313, 
12/01/2009 13:24:38, 200, 1259695478200, 12/01/2009 13:24:39, 138, 1259695479138, 5.677650054693222, 5.735, 0.8090209246008713, 
12/01/2009 13:24:39, 138, 1259695479138, 12/01/2009 13:24:40, 310, 1259695480310, 5.680620054721833, 5.738, 0.8094441264794812, 
12/01/2009 13:24:40, 310, 1259695480310, 12/01/2009 13:24:41, 153, 1259695481153, 4.240170040845872, 4.283, 0.6041912153558049, 
12/01/2009 13:24:41, 153, 1259695481153, 12/01/2009 13:24:42, 106, 1259695482106, 0.20097000193595888, 0.203, 0.0286366604523064, 
12/01/2009 13:24:42, 106, 1259695482106, 12/01/2009 13:24:43, 138, 1259695483138, 0.13671000105142592, 0.147, 0.054031246631177414, 
12/01/2009 13:24:43, 138, 1259695483138, 12/01/2009 13:24:44, 216, 1259695484216, 0.02139000016450882, 0.023, 0.008453868520524354, 
12/01/2009 13:24:44, 216, 1259695484216, 12/01/2009 13:24:45, 153, 1259695485153, 0.008370000064373016, 0.0090, 0.0033080355080312694, 
12/01/2009 13:24:45, 153, 1259695485153, 12/01/2009 13:24:46, 278, 1259695486278, 3.6135000348091126, 3.65, 0.514895618970041, 
12/01/2009 13:24:46, 278, 1259695486278, 12/01/2009 13:24:47, 310, 1259695487310, 0.12474000120162963, 0.126, 0.01777447890143163, 
12/01/2009 13:24:47, 310, 1259695487310, 12/01/2009 13:24:48, 169, 1259695488169, 0.12125999969244004, 0.129, 0.04401150388920425, 
12/01/2009 13:24:48, 169, 1259695488169, 12/01/2009 13:24:49, 106, 1259695489106, 0.020679999947547913, 0.022, 0.00750583787257747, 
12/01/2009 13:24:49, 106, 1259695489106, 12/01/2009 13:24:50, 216, 1259695490216, 8.367480080604553, 8.452, 1.1923007593245978, 
12/01/2009 13:24:50, 216, 1259695490216, 12/01/2009 13:24:51, 106, 1259695491106, 9.891090095281601, 9.991, 1.4094033230492207, 
12/01/2009 13:24:51, 106, 1259695491106, 12/01/2009 13:24:52, 247, 1259695492247, 10.133640097618104, 10.236, 1.4439648098020128, 
12/01/2009 13:24:52, 247, 1259695492247, 12/01/2009 13:24:53, 106, 1259695493106, 10.83654010438919, 10.946, 1.5441225877386533, 
12/01/2009 13:24:53, 106, 1259695493106, 12/01/2009 13:24:54, 122, 1259695494122, 11.477070110559463, 11.593, 1.6353931262245718, 
12/01/2009 13:24:54, 122, 1259695494122, 12/01/2009 13:24:55, 91, 1259695495091, 12.524490120649338, 12.651, 1.784642322079448, 
12/01/2009 13:24:55, 91, 1259695495091, 12/01/2009 13:24:56, 200, 1259695496200, 12.493800120353699, 12.62, 1.780269236000518, 
12/01/2009 13:24:56, 200, 1259695496200, 12/01/2009 13:24:57, 153, 1259695497153, 12.482910120248794, 12.609, 1.778717495778982, 
12/01/2009 13:24:57, 153, 1259695497153, 12/01/2009 13:24:58, 247, 1259695498247, 12.482910120248794, 12.609, 1.778717495778982, 
12/01/2009 13:24:58, 247, 1259695498247, 12/01/2009 13:24:59, 325, 1259695499325, 9.756450093984604, 9.855, 1.3902181712191126, 
12/01/2009 13:24:59, 325, 1259695499325, 12/01/2009 13:25:00, 122, 1259695500122, 8.899110085725786, 8.989, 1.2680538955949816, 
12/01/2009 13:25:00, 122, 1259695500122, 12/01/2009 13:25:01, 122, 1259695501122, 10.13760009765625, 10.24, 1.4445290789734875, 
12/01/2009 13:25:01, 122, 1259695501122, 12/01/2009 13:25:02, 200, 1259695502200, 6.538950062990189, 6.605, 0.9317494693964736, 
12/01/2009 13:25:02, 200, 1259695502200, 12/01/2009 13:25:03, 122, 1259695503122, 12.617550121545792, 12.745, 1.7979026476090818, 
12/01/2009 13:25:03, 122, 1259695503122, 12/01/2009 13:25:04, 278, 1259695504278, 11.860200114250183, 11.98, 1.689986168564686, 
12/01/2009 13:25:04, 278, 1259695504278, 12/01/2009 13:25:05, 122, 1259695505122, 1.9305000185966492, 1.95, 0.2750812210935828, 
12/01/2009 13:25:05, 122, 1259695505122, 12/01/2009 13:25:06, 122, 1259695506122, 1.9295100185871126, 1.949, 0.27494015380071485, 
12/01/2009 13:25:06, 122, 1259695506122, 12/01/2009 13:25:07, 138, 1259695507138, 8.843670085191727, 8.933, 1.2601541271943517, 
12/01/2009 13:25:07, 138, 1259695507138, 12/01/2009 13:25:08, 278, 1259695508278, 9.163440088272095, 9.256, 1.305718862790876, 
12/01/2009 13:25:08, 278, 1259695508278, 12/01/2009 13:25:09, 138, 1259695509138, 10.37223009991646, 10.477, 1.4779620273833207, 
12/01/2009 13:25:09, 138, 1259695509138, 12/01/2009 13:25:10, 278, 1259695510278, 9.67527009320259, 9.773, 1.3786506532039, 
12/01/2009 13:25:10, 278, 1259695510278, 12/01/2009 13:25:11, 91, 1259695511091, 12.571020121097565, 12.698, 1.7912724848442727, 
12/01/2009 13:25:11, 91, 1259695511091, 12/01/2009 13:25:12, 122, 1259695512122, 12.515580120563506, 12.642, 1.7833727164436382, 
12/01/2009 13:25:12, 122, 1259695512122, 12/01/2009 13:25:13, 91, 1259695513091, 12.48093012022972, 12.607, 1.7784353611932406, 
12/01/2009 13:25:13, 91, 1259695513091, 12/01/2009 13:25:14, 200, 1259695514200, 4.559940043926239, 4.606, 0.6497559509523319, 
12/01/2009 13:25:14, 200, 1259695514200, 12/01/2009 13:25:15, 106, 1259695515106, 5.72715005517006, 5.785, 0.8160742892442976, 
12/01/2009 13:25:15, 106, 1259695515106, 12/01/2009 13:25:16, 294, 1259695516294, 7.967520076751709, 8.048, 1.135309573005719, 
12/01/2009 13:25:16, 294, 1259695516294, 12/01/2009 13:25:17, 106, 1259695517106, 12.604680121421813, 12.732, 1.7960687728018012, 
12/01/2009 13:25:17, 106, 1259695517106, 12/01/2009 13:25:18, 153, 1259695518153, 9.944550095796584, 10.045, 1.4170209568641297, 
12/01/2009 13:25:18, 153, 1259695518153, 12/01/2009 13:25:19, 138, 1259695519138, 9.479250091314315, 9.575, 1.3507193292159334, 
1