12:5:7,0,0,0,0,0,0
12:5:29,0,0,0,0,0,0
12:5:30,0,0,0,0,0,0
12:5:31,0,0,0,0,0,0
12:5:32,0,0,0,0,0,0
12:5:33,0,0,0,0,0,0
12:5:34,0,0,0,0,0,0
12:5:35,0,0,0,0,0,0
12:5:36,0,0,0,0,0,0
12:5:37,0,0,0,0,0,0
12:5:38,0,0,0,0,0,0
12:5:39,0,0,0,0,0,0
12:5:40,0,0,0,0,0,0
12:5:41,0,0,0,0,0,0
12:5:42,0,0,0,0,0,0
12:5:43,0,0,0,0,0,0
12:5:44,0,0,0,0,0,0
12:5:45,0,0,0,0,0,0
12:5:46,0,0,0,0,0,0
12:5:47,0,0,0,0,0,0
12:5:48,0,0,0,0,0,0
12:5:49,0,0,0,0,0,0
12:5:50,-1,1,0,0,0,0
12:5:51,0,1,0,0,0,0
12:5:52,1,1,0,0,0,0
12:5:53,1,1,0,0,0,0
12:5:54,0,1,0,0,0,0
12:5:55,0,1,0,0,0,0
12:5:56,0,1,0,0,0,0
12:5:57,0,1,0,0,0,0
12:5:58,0,1,0,0,0,0
12:5:59,0,1,0,0,0,0
12:6:0,1,1,0,0,0,0
12:6:1,1,0,0,0,0,0
12:6:2,866,123,0,0,0,0
12:6:3,918,130,866,123,0,0
12:6:4,917,130,918,130,910,126
12:6:5,917,130,918,130,910,126
12:6:6,916,130,918,130,910,126
12:6:7,916,130,918,130,910,126
12:6:8,914,130,918,130,910,126
12:6:9,914,130,918,130,910,126
12:6:10,915,130,918,130,910,126
12:6:11,915,130,918,130,910,126
12:6:12,915,130,918,130,910,126
12:6:13,915,130,918,130,910,126
12:6:14,914,130,918,130,910,126
12:6:15,915,130,918,130,910,126
12:6:16,914,130,918,130,910,126
12:6:17,915,130,918,130,910,126
12:6:18,914,130,918,130,910,126
12:6:19,914,130,918,130,910,126
12:6:20,914,130,918,130,910,126
12:6:21,913,130,918,130,910,126
12:6:22,912,130,918,130,910,126
12:6:23,913,130,918,130,910,126
12:6:24,913,130,918,130,910,126
12:6:25,913,130,918,130,910,126
12:6:26,913,130,918,130,910,126
12:6:27,913,130,918,130,910,126
12:6:28,913,130,918,130,910,126
12:6:29,913,130,918,130,910,126
12:6:30,913,130,918,130,910,126
12:6:31,913,130,918,130,910,126
12:6:32,913,130,918,130,910,126
12:6:33,913,130,918,130,910,126
12:6:34,913,130,918,130,910,126
12:6:35,913,130,918,130,910,126
12:6:36,913,130,918,130,910,126
12:6:37,912,130,918,130,910,126
12:6:38,913,130,918,130,910,126
12:6:39,912,130,918,130,910,126
12:6:40,913,130,918,130,910,126
12:6:41,914,130,918,130,910,126
12:6:42,913,130,918,130,910,126
12:6:43,912,130,918,130,910,126
12:6:44,912,130,918,130,910,126
12:6:45,911,129,918,130,910,126
12:6:46,911,129,911,129,910,126
12:6:47,913,130,911,129,910,126
12:6:48,913,130,911,129,910,126
12:6:49,913,130,911,129,910,126
12:6:50,913,130,911,129,910,126
12:6:51,913,130,911,129,910,126
12:6:52,913,130,911,129,910,126
12:6:53,913,130,911,129,910,126
12:6:54,913,130,911,129,910,126
12:6:55,913,130,911,129,910,126
12:6:56,913,130,911,129,910,126
12:6:57,913,130,911,129,910,126
12:6:58,913,130,911,129,910,126
12:6:59,913,130,911,129,910,126
12:7:0,913,130,911,129,910,126
12:7:1,913,130,911,129,910,126
12:7:2,913,130,911,129,910,126
12:7:3,913,130,911,129,910,126
12:7:4,912,130,911,129,910,126
12:7:5,912,130,911,129,910,126
12:7:6,912,130,911,129,910,126
12:7:7,912,130,911,129,910,126
12:7:8,912,130,911,129,910,126
12:7:9,913,130,911,129,910,126
12:7:10,911,129,911,129,910,126
12:7:11,911,129,911,129,910,126
12:7:12,912,130,911,129,910,126
12:7:13,912,130,911,129,910,126
12:7:14,912,130,911,129,910,126
12:7:15,912,130,911,129,910,126
12:7:16,912,130,911,129,910,126
12:7:17,912,130,911,129,910,126
12:7:18,912,130,911,129,910,126
12:7:19,912,130,911,129,910,126
12:7:20,913,130,911,129,910,126
12:7:21,912,130,911,129,910,126
12:7:22,913,130,911,129,910,126
12:7:23,913,130,911,129,910,126
12:7:24,912,130,911,129,910,126
12:7:25,913,130,911,129,910,126
12:7:26,913,130,911,129,910,126
12:7:27,913,130,911,129,910,126
12:7:28,912,130,911,129,910,126
12:7:29,912,130,911,129,910,126
12:7:30,912,130,911,129,910,126
12:7:31,911,129,911,129,910,126
12:7:32,911,129,911,129,910,126
12:7:33,911,129,911,129,910,126
12:7:34,912,130,911,129,910,126
12:7:35,911,129,911,129,910,126
12:7:36,911,129,911,129,910,126
12:7:37,912,129,911,129,910,126
12:7:38,912,130,911,129,910,126
12:7:39,913,130,911,129,910,126
12:7:40,913,130,911,129,910,126
12:7:41,913,130,911,129,910,126
12:7:42,913,130,911,129,910,126
12:7:43,912,130,911,129,910,126
12:7:44,913,130,911,129,910,126
12:7:45,912,130,911,129,910,126
12:7:46,913,130,911,129,910,126
12:7:47,913,130,911,129,910,126
12:7:48,913,130,911,129,910,126
12:7:49,912,130,911,129,910,126
12:7:50,913,130,911,129,910,126
12:7:51,913,130,911,129,910,126
12:7:52,912,130,911,129,910,126
12:7:53,912,129,911,129,910,126
12:7:54,912,130,911,129,910,126
12:7:55,912,130,911,129,910,126
12:7:56,913,130,911,129,910,126
12:7:57,913,130,911,129,910,126
12:7:58,912,130,911,129,910,126
12:7:59,912,130,911,129,910,126
12:8:0,912,129,911,129,910,126
12:8:1,910,129,911,129,910,126
12:8:2,911,129,911,129,910,126
12:8:3,912,130,911,129,910,126
12:8:4,911,129,911,129,910,126
12:8:5,912,130,911,129,910,126
12:8:6,912,130,911,129,910,126
12:8:7,912,130,911,129,910,126
12:8:8,912,130,911,129,910,126
12:8:9,912,130,911,129,910,126
12:8:10,913,130,911,129,910,126
12:8:11,912,130,911,129,910,126
12:8:12,912,130,911,129,910,126
12:8:13,912,130,911,129,910,126
12:8:14,912,130,911,129,910,126
12:8:15,912,130,911,129,910,126
12:8:16,912,130,911,129,910,126
12:8:17,912,130,911,129,910,126
12:8:18,912,130,911,129,910,126
12:8:19,912,129,911,129,910,126
12:8:20,912,130,911,129,910,126
12:8:21,912,130,911,129,910,126
12:8:22,912,130,911,129,910,126
12:8:23,912,130,911,129,910,126
12:8:24,912,130,911,129,910,126
12:8:25,912,130,911,129,910,126
12:8:26,912,129,911,129,910,126
12:8:27,911,129,911,129,910,126
12:8:28,911,129,911,129,910,126
12:8:29,912,129,911,129,910,126
12:8:30,912,129,911,129,910,126
12:8:31,912,130,911,129,910,126
12:8:32,913,130,911,129,910,126
12:8:33,912,129,911,129,910,126
12:8:34,911,129,911,129,910,126
12:8:35,912,129,911,129,910,126
12:8:36,912,129,911,129,910,126
12:8:37,912,129,911,129,910,126
12:8:38,912,129,911,129,910,126
12:8:39,912,129,911,129,910,126
12:8:40,912,129,911,129,910,126
12:8:41,912,129,911,129,910,126
12:8:42,912,130,911,129,910,126
12:8:43,912,130,911,129,910,126
12:8:44,912,130,911,129,910,126
12:8:45,912,130,911,129,910,126
12:8:46,912,130,911,129,910,126
12:8:47,912,130,911,129,910,126
12:8:48,912,130,911,129,910,126
12:8:49,912,129,911,129,910,126
12:8:50,912,129,911,129,910,126
12:8:51,910,129,911,129,910,126
12:8:52,911,129,911,129,910,126
12:8:53,912,130,911,129,910,126
12:8:54,913,130,911,129,910,126
12:8:55,913,130,911,129,910,126
12:8:56,911,129,911,129,910,126
12:8:57,911,129,911,129,910,126
12:8:58,912,129,911,129,910,126
12:8:59,912,130,911,129,910,126
12:9:0,912,130,911,129,910,126
12:9:1,912,130,911,129,910,126
12:9:2,912,129,911,129,910,126
12:9:3,912,129,911,129,910,126
12:9:4,912,129,911,129,910,126
12:9:5,912,130,911,129,910,126
12:9:6,912,129,911,129,910,126
12:9:7,911,129,911,129,910,126
12:9:8,912,129,911,129,910,126
12:9:9,911,129,911,129,910,126
12:9:10,912,129,911,129,910,126
12:9:11,912,130,911,129,910,126
12:9:12,912,130,911,129,910,126
12:9:13,912,130,911,129,910,126
12:9:14,912,130,911,129,910,126
12:9:15,912,130,911,129,910,126
12:9:16,911,129,911,129,910,126
12:9:17,911,129,911,129,910,126
12:9:18,911,129,911,129,910,126
12:9:19,912,129,911,129,910,126
12:9:20,912,129,911,129,910,126
12:9:21,912,130,911,129,910,126
12:9:22,912,130,911,129,910,126
12:9:23,912,130,911,129,910,126
12:9:24,912,129,911,129,910,126
12:9:25,911,129,911,129,910,126
12:9:26,912,129,911,129,910,126
12:9:27,912,130,911,129,910,126
12:9:28,912,130,911,129,910,126
12:9:29,912,130,911,129,910,126
12:9:30,912,130,911,129,910,126
12:9:31,912,129,911,129,910,126
12:9:32,912,129,911,129,910,126
12:9:33,911,129,911,129,910,126
12:9:34,912,129,911,129,910,126
12:9:35,912,130,911,129,910,126
12:9:36,912,130,911,129,910,126
12:9:37,912,130,911,129,910,126
12:9:38,912,130,911,129,910,126
12:9:39,913,130,911,129,910,126
12:9:40,912,130,911,129,910,126
12:9:41,910,129,911,129,910,126
12:9:42,911,129,911,129,910,126
12:9:43,912,130,911,129,910,126
12:9:44,911,129,911,129,910,126
12:9:45,911,129,911,129,910,126
12:9:46,911,129,911,129,910,126
12:9:47,912,129,911,129,910,126
12:9:48,912,129,911,129,910,126
12:9:49,911,129,911,129,910,126
12:9:50,912,129,911,129,910,126
12:9:51,912,129,911,129,910,126
12:9:52,912,130,911,129,910,126
12:9:53,911,129,911,129,910,126
12:9:54,911,129,911,129,910,126
12:9:55,910,129,911,129,910,126
12:9:56,911,129,911,129,910,126
12:9:57,911,129,911,129,910,126
12:9:58,911,129,911,129,910,126
12:9:59,911,129,911,129,910,126
12:10:0,911,129,911,129,910,126
12:10:1,912,129,911,129,910,126
12:10:2,911,129,911,129,910,126
12:10:3,911,129,911,129,910,126
12:10:4,912,129,911,129,910,126
12:10:5,911,129,911,129,910,126
12:10:6,911,129,911,129,910,126
12:10:7,912,129,911,129,910,126
12:10:8,912,129,911,129,910,126
12:10:9,912,130,911,129,910,126
12:10:10,913,130,911,129,910,126
12:10:11,912,130,911,129,910,126
12:10:12,912,130,911,129,910,126
12:10:13,912,129,911,129,910,126
12:10:14,912,130,911,129,910,126
12:10:15,912,129,911,129,910,126
12:10:16,912,130,911,129,910,126
12:10:17,912,130,911,129,910,126
12:10:18,912,130,911,129,910,126
12:10:19,913,130,911,129,910,126
12:10:20,912,130,911,129,910,126
12:10:21,912,130,911,129,910,126
12:10:22,912,129,911,129,910,126
12:10:23,912,130,911,129,910,126
12:10:24,912,130,911,129,910,126
12:10:25,912,130,911,129,910,126
12:10:26,912,130,911,129,910,126
12:10:27,913,130,911,129,910,126
12:10:28,912,130,911,129,910,126
12:10:29,911,129,911,129,910,126
12:10:30,911,129,911,129,910,126
12:10:31,912,129,911,129,910,126
12:10:32,912,130,911,129,910,126
12:10:33,912,130,911,129,910,126
12:10:34,912,130,911,129,910,126
12:10:35,912,130,911,129,910,126
12:10:36,913,130,911,129,910,126
12:10:37,912,130,911,129,910,126
12:10:38,912,130,911,129,910,126
12:10:39,912,130,911,129,910,126
12:10:40,912,130,911,129,910,126
12:10:41,912,130,911,129,910,126
12:10:42,912,130,911,129,910,126
12:10:43,912,129,911,129,910,126
12:10:44,912,130,911,129,910,126
12:10:45,912,129,911,129,910,126
12:10:46,913,130,911,129,910,126
12:10:47,912,130,911,129,910,126
12:10:48,912,130,911,129,910,126
12:10:49,912,130,911,129,910,126
12:10:50,912,130,911,129,910,126
12:10:51,912,130,911,129,910,126
12:10:52,912,130,911,129,910,126
12:10:53,912,129,911,129,910,126
12:10:54,911,129,911,129,910,126
12:10:55,911,129,911,129,910,126
12:10:56,912,130,911,129,910,126
12:10:57,912,130,911,129,910,126
12:10:58,912,130,911,129,910,126
12:10:59,911,129,911,129,910,126
12:11:0,912,129,911,129,910,126
12:11:1,911,129,911,129,910,126
12:11:2,912,129,911,129,910,126
12:11:3,912,130,911,129,910,126
12:11:4,912,130,911,129,910,126
12:11:5,912,130,911,129,910,126
12:11:6,912,130,911,129,910,126
12:11:7,912,130,911,129,910,126
12:11:8,913,130,911,129,910,126
12:11:9,913,130,911,129,910,126
12:11:10,912,130,911,129,910,126
12:11:11,912,130,911,129,910,126
12:11:12,912,130,911,129,910,126
12:11:13,912,130,911,129,910,126
12:11:14,912,130,911,129,910,126
12:11:15,912,130,911,129,910,126
12:11:16,912,130,911,129,910,126
12:11:17,912,130,911,129,910,126
12:11:18,912,130,911,129,910,126
12:11:19,911,129,911,129,910,126
12:11:20,910,129,911,129,910,126
12:11:21,910,129,911,129,910,126
12:11:22,911,129,911,129,910,126
12:11:23,911,129,911,129,910,126
12:11:24,912,130,911,129,910,126
12:11:25,912,130,911,129,910,126
12:11:26,912,130,911,129,910,126
12:11:27,912,129,911,129,910,126
12:11:28,912,129,911,129,910,126
12:11:29,912,129,911,129,910,126
12:11:30,912,130,911,129,910,126
12:11:31,911,129,911,129,910,126
12:11:32,911,129,911,129,910,126
12:11:33,911,129,911,129,910,126
12:11:34,911,129,911,129,910,126
12:11:35,912,129,911,129,910,126
12:11:36,912,129,911,129,910,126
12:11:37,912,129,911,129,910,126
12:11:38,912,129,911,129,910,126
12:11:39,912,129,911,129,910,126
12:11:40,912,129,911,129,910,126
12:11:41,912,129,911,129,910,126
12:11:42,912,129,911,129,910,126
12:11:43,912,129,911,129,910,126
12:11:44,911,129,911,129,910,126
12:11:45,910,129,911,129,910,126
12:11:46,910,129,911,129,910,126
12:11:47,911,129,911,129,910,126
12:11:48,912,130,911,129,910,126
12:11:49,912,129,911,129,910,126
12:11:50,911,129,911,129,910,126
12:11:51,911,129,911,129,910,126
12:11:52,912,130,911,129,910,126
12:11:53,913,130,911,129,910,126
12:11:54,912,130,911,129,910,126
12:11:55,912,129,911,129,910,126
12:11:56,912,129,911,129,910,126
12:11:57,911,129,911,129,910,126
12:11:58,912,129,911,129,910,126
12:11:59,912,129,911,129,910,126
12:12:0,912,129,911,129,910,126
12:12:1,912,129,911,129,910,126
12:12:2,912,129,911,129,910,126
12:12:3,912,129,911,129,910,126
12:12:4,912,130,911,129,910,126
12:12:5,912,130,911,129,910,126
12:12:6,912,129,911,129,910,126
12:12:7,911,129,911,129,910,126
12:12:8,911,129,911,129,910,126
12:12:9,910,129,911,129,910,126
12:12:10,911,129,911,129,910,126
12:12:11,911,129,911,129,910,126
12:12:12,912,129,911,129,910,126
12:12:13,912,130,911,129,910,126
12:12:14,912,130,911,129,910,126
12:12:15,913,130,911,129,910,126
12:12:16,912,130,911,129,910,126
12:12:17,912,130,911,129,910,126
12:12:18,912,130,911,129,910,126
12:12:19,911,129,911,129,910,126
12:12:20,911,129,911,129,910,126
12:12:21,912,130,911,129,910,126
12:12:22,913,130,911,129,910,126
12:12:23,913,130,911,129,910,126
12:12:24,913,130,911,129,910,126
12:12:25,913,130,911,129,910,126
12:12:26,912,130,911,129,910,126
12:12:27,912,130,911,129,910,126
12:12:28,913,130,911,129,910,126
12:12:29,913,130,911,129,910,126
12:12:30,913,130,911,129,910,126
12:12:31,913,130,911,129,910,126
12:12:32,912,130,911,129,910,126
12:12:33,912,129,911,129,910,126
12:12:34,911,129,911,129,910,126
12:12:35,912,130,911,129,910,126
12:12:36,913,130,911,129,910,126
12:12:37,914,130,911,129,910,126
12:12:38,913,130,911,129,910,126
12:12:39,913,130,911,129,910,126
12:12:40,913,130,911,129,910,126
12:12:41,913,130,911,129,910,126
12:12:42,913,130,911,129,910,126
12:12:43,913,130,911,129,910,126
12:12:44,913,130,911,129,910,126
12:12:45,912,130,911,129,910,126
12:12:46,912,130,911,129,910,126
12:12:47,912,130,911,129,910,126
12:12:48,912,130,911,129,910,126
12:12:49,912,130,911,129,910,126
12:12:50,912,130,911,129,910,126
12:12:51,912,130,911,129,910,126
12:12:52,913,130,911,129,910,126
12:12:53,913,130,911,129,910,126
12:12:54,913,130,911,129,910,126
12:12:55,912,130,911,129,910,126
12:12:56,912,130,911,129,910,126
12:12:57,912,129,911,129,910,126
12:12:58,911,129,911,129,910,126
12:12:59,912,129,911,129,910,126
12:13:0,912,129,911,129,910,126
12:13:1,912,130,911,129,910,126
12:13:2,912,130,911,129,910,126
12:13:3,912,130,911,129,910,126
12:13:4,912,130,911,129,910,126
12:13:5,912,130,911,129,910,126
12:13:6,912,129,911,129,910,126
12:13:7,911,129,911,129,910,126
12:13:8,911,129,911,129,910,126
12:13:9,911,129,911,129,910,126
12:13:10,911,129,911,129,910,126
12:13:11,912,130,911,129,910,126
12:13:12,912,130,911,129,910,126
12:13:13,912,130,911,129,910,126
12:13:14,912,130,911,129,910,126
12:13:15,912,130,911,129,910,126
12:13:16,912,130,911,129,910,126
12:13:17,912,129,911,129,910,126
12:13:18,911,129,911,129,910,126
12:13:19,912,129,911,129,910,126
12:13:20,912,130,911,129,910,126
12:13:21,913,130,911,129,910,126
12:13:22,913,130,911,129,910,126
12:13:23,912,129,911,129,910,126
12:13:24,911,129,911,129,910,126
12:13:25,910,129,911,129,910,126
12:13:26,911,129,911,129,910,126
12:13:27,912,130,911,129,910,126
12:13:28,912,130,911,129,910,126
12:13:29,912,130,911,129,910,126
12:13:30,912,130,911,129,910,126
12:13:31,913,130,911,129,910,126
12:13:32,912,130,911,129,910,126
12:13:33,912,130,911,129,910,126
12:13:34,912,130,911,129,910,126
12:13:35,912,130,911,129,910,126
12:13:36,912,130,911,129,910,126
12:13:37,912,130,911,129,910,126
12:13:38,912,130,911,129,910,126
12:13:39,912,130,911,129,910,126
12:13:40,912,130,911,129,910,126
12:13:41,912,130,911,129,910,126
12:13:42,912,129,911,129,910,126
12:13:43,912,129,911,129,910,126
12:13:44,912,130,911,129,910,126
12:13:45,912,130,911,129,910,126
12:13:46,912,130,911,129,910,126
12:13:47,911,129,911,129,910,126
12:13:48,910,129,911,129,910,126
12:13:49,910,129,911,129,910,126
12:13:50,911,129,911,129,910,126
12:13:51,912,130,911,129,910,126
12:13:52,912,130,911,129,910,126
12:13:53,912,129,911,129,910,126
12:13:54,911,129,911,129,910,126
12:13:55,911,129,911,129,910,126
12:13:56,911,129,911,129,910,126
12:13:57,911,129,911,129,910,126
12:13:58,912,129,911,129,910,126
12:13:59,912,130,911,129,910,126
12:14:0,912,130,911,129,910,126
12:14:1,912,129,911,129,910,126
12:14:2,912,130,911,129,910,126
12:14:3,912,130,911,129,910,126
12:14:4,912,130,911,129,910,126
12:14:5,912,129,911,129,910,126
12:14:6,912,130,911,129,910,126
12:14:7,912,130,911,129,910,126
12:14:8,912,130,911,129,910,126
12:14:9,912,129,911,129,910,126
12:14:10,912,129,911,129,910,126
12:14:11,912,130,911,129,910,126
12:14:12,912,129,911,129,910,126
12:14:13,912,129,911,129,910,126
12:14:14,910,129,911,129,910,126
12:14:15,911,129,911,129,910,126
12:14:16,911,129,911,129,910,126
12:14:17,911,129,911,129,910,126
12:14:18,911,129,911,129,910,126
12:14:19,910,129,911,129,910,126
12:14:20,910,129,911,129,910,126
12:14:21,910,129,911,129,910,126
12:14:22,910,129,911,129,910,126
12:14:23,911,129,911,129,910,126
12:14:24,911,129,911,129,910,126
12:14:25,911,129,911,129,910,126
12:14:26,912,129,911,129,910,126
12:14:27,912,130,911,129,910,126
12:14:28,912,130,911,129,910,126
12:14:29,912,129,911,129,910,126
12:14:30,911,129,911,129,910,126
12:14:31,912,129,911,129,910,126
12:14:32,912,129,911,129,910,126
12:14:33,912,130,911,129,910,126
12:14:34,912,130,911,129,910,126
12:14:35,912,130,911,129,910,126
12:14:36,912,130,911,129,910,126
12:14:37,912,129,911,129,910,126
12:14:38,911,129,911,129,910,126
12:14:39,911,129,911,129,910,126
12:14:40,912,130,911,129,910,126
12:14:41,912,129,911,129,910,126
12:14:42,911,129,911,129,910,126
12:14:43,911,129,911,129,910,126
12:14:44,911,129,911,129,910,126
12:14:45,910,129,911,129,910,126
12:14:46,910,129,911,129,910,126
12:14:47,911,129,911,129,910,126
12:14:48,912,129,911,129,910,126
12:14:49,912,130,911,129,910,126
12:14:50,913,130,911,129,910,126
12:14:51,912,130,911,129,910,126
12:14:52,911,129,911,129,910,126
12:14:53,911,129,911,129,910,126
12:14:54,911,129,911,129,910,126
12:14:55,911,129,911,129,910,126
12:14:56,912,129,911,129,910,126
12:14:57,911,129,911,129,910,126
12:14:58,911,129,911,129,910,126
12:14:59,911,129,911,129,910,126
12:15:0,912,129,911,129,910,126
12:15:1,912,129,911,129,910,126
12:15:2,912,129,911,129,910,126
12:15:3,912,129,911,129,910,126
12:15:4,911,129,911,129,910,126
12:15:5,911,129,911,129,910,126
12:15:6,911,129,911,129,910,126
12:15:7,912,129,911,129,910,126
12:15:8,912,130,911,129,910,126
12:15:9,912,129,911,129,910,126
12:15:10,912,129,911,129,910,126
12:15:11,912,129,911,129,910,126
12:15:12,220,293,911,129,910,126
12:15:13,247,62,220,293,910,126
12:15:14,247,61,247,62,247,61
12:15:15,226,56,247,62,247,61
12:15:16,198,49,226,56,247,61
12:15:17,14,20,198,49,247,61
12:15:18,9,13,14,20,11,16
12:15:19,546,77,14,20,11,16
12:15:20,917,130,546,77,11,16
12:15:21,915,130,917,130,913,130
12:15:22,915,130,917,130,913,130
12:15:23,914,130,917,130,913,130
12:15:24,914,130,917,130,913,130
12:15:25,914,130,917,130,913,130
12:15:26,914,130,917,130,913,130
12:15:27,914,130,917,130,913,130
12:15:28,914,130,917,130,913,130
12:15:29,914,130,917,130,913,130
12:15:30,914,130,917,130,913,130
12:15:31,914,130,917,130,913,130
12:15:32,913,130,917,130,913,130
12:15:33,913,130,917,130,913,130
12:15:34,913,130,917,130,913,130
12:15:35,915,130,917,130,913,130
12:15:36,914,130,917,130,913,130
12:15:37,914,130,917,130,913,130
12:15:38,914,130,917,130,913,130
12:15:39,914,130,917,130,913,130
12:15:40,914,130,917,130,913,130
12:15:41,914,130,917,130,913,130
12:15:42,914,130,917,130,913,130
12:15:43,914,130,917,130,913,130
12:15:44,914,130,917,130,913,130
12:15:45,913,130,917,130,913,130
12:15:46,914,130,917,130,913,130
12:15:47,913,130,917,130,913,130
12:15:48,914,130,917,130,913,130
12:15:49,913,130,917,130,913,130
12:15:50,914,130,917,130,913,130
12:15:51,913,130,917,130,913,130
12:15:52,914,130,917,130,913,130
12:15:53,914,130,917,130,913,130
12:15:54,914,130,917,130,913,130
12:15:55,914,130,917,130,913,130
12:15:56,914,130,917,130,913,130
12:15:57,915,130,917,130,913,130
12:15:58,914,130,917,130,913,130
12:15:59,914,130,917,130,913,130
12:16:0,914,130,917,130,913,130
12:16:1,913,130,917,130,913,130
12:16:2,913,130,917,130,913,130
12:16:3,914,130,917,130,913,130
12:16:4,914,130,917,130,913,130
12:16:5,914,130,917,130,913,130
12:16:6,913,130,917,130,913,130
12:16:7,914,130,917,130,913,130
12:16:8,914,130,917,130,913,130
12:16:9,914,130,917,130,913,130
12:16:10,914,130,917,130,913,130
12:16:11,914,130,917,130,913,130
12:16:12,914,130,917,130,913,130
12:16:13,914,130,917,130,913,130
12:16:15,914,130,917,130,913,130
12:16:15,913,130,917,130,913,130
12:16:16,913,130,917,130,913,130
12:16:17,914,130,917,130,913,130
12:16:18,770,109,917,130,913,130
12:16:19,136,159,770,109,913,130
12:16:20,916,130,136,159,913,130
12:16:21,914,130,916,130,914,130
12:16:22,914,130,916,130,914,130
12:16:23,914,130,916,130,914,130
12:16:24,914,130,916,130,914,130
12:16:25,914,130,916,130,914,130
12:16:26,914,130,916,130,914,130
12:16:27,914,130,916,130,914,130
12:16:28,914,130,916,130,914,130
12:16:29,914,130,916,130,914,130
12:16:30,914,130,916,130,914,130
12:16:31,831,118,916,130,914,130
12:16:32,9,10,831,118,914,130
12:16:33,2,3,9,10,914,130
12:16:34,1,1,2,3,1,1
12:16:35,1,1,2,3,1,1
12:16:36,1,1,2,3,1,1
12:16:37,250,72,2,3,1,1
12:16:38,224,56,250,72,1,1
12:16:39,271,79,224,56,1,1
12:16:40,257,75,271,79,1,1
12:16:41,252,73,257,75,243,60
12:16:42,251,73,257,75,243,60
12:16:43,251,73,257,75,243,60
12:16:44,246,61,257,75,243,60
12:16:45,245,61,246,61,243,60
12:16:46,241,60,246,61,243,60
12:16:47,240,60,246,61,243,60
12:16:48,234,58,246,61,243,60
12:16:49,234,58,234,58,223,56
12:16:50,233,58,234,58,223,56
12:16:51,232,58,234,58,223,56
12:16:52,231,57,234,58,223,56
12:16:53,230,57,234,58,223,56
12:16:54,229,57,234,58,223,56
12:16:55,225,56,234,58,223,56
12:16:56,227,56,225,56,223,56
12:16:57,226,56,225,56,223,56
12:16:58,226,56,225,56,223,56
12:16:59,227,57,225,56,223,56
12:17:0,226,56,225,56,223,56
12:17:1,225,56,225,56,223,56
12:17:2,223,56,225,56,223,56
12:17:3,226,56,225,56,223,56
12:17:4,226,56,225,56,223,56
12:17:5,225,56,225,56,223,56
12:17:6,224,56,225,56,223,56
12:17:7,223,56,225,56,223,56
12:17:8,225,56,225,56,223,56
12:17:9,225,56,225,56,223,56
12:17:10,224,56,225,56,223,56
12:17:11,225,56,225,56,223,56
12:17:12,191,47,225,56,223,56
12:17:13,165,41,191,47,223,56
12:17:14,171,43,165,41,168,41
12:17:15,216,30,165,41,168,41
12:17:16,917,130,216,30,168,41
12:17:17,915,130,917,130,914,130
12:17:18,915,130,917,130,914,130
12:17:19,915,130,917,130,914,130
12:17:20,915,130,917,130,914,130
12:17:21,915,130,917,130,914,130
12:17:22,915,130,917,130,914,130
12:17:23,914,130,917,130,914,130
12:17:24,326,46,917,130,914,130
12:17:25,248,62,326,46,914,130
12:17:26,186,46,248,62,914,130
12:17:27,209,52,186,46,914,130
12:17:28,222,55,209,52,914,130
12:17:29,211,52,222,55,914,130
12:17:30,218,54,211,52,914,130
12:17:31,213,53,218,54,208,48
12:17:32,211,53,218,54,208,48
12:17:33,214,53,211,53,208,48
12:17:34,216,54,211,53,208,48
12:17:35,211,52,211,53,208,48
12:17:36,215,53,211,53,208,48
12:17:37,211,52,211,53,208,48
12:17:38,210,52,211,53,208,48
12:17:39,212,53,211,53,208,48
12:17:40,207,52,211,53,208,48
12:17:41,212,43,211,53,208,48
12:18:41,215,54,211,53,208,48
12:18:41,179,44,211,53,208,48
12:18:42,145,29,179,44,208,48
12:18:43,176,35,145,29,208,48
12:18:44,216,54,176,35,208,48
12:18:45,158,32,216,54,208,48
12:18:46,154,31,158,32,155,31
12:18:47,205,41,158,32,155,31
12:18:48,137,34,205,41,155,31
12:18:49,117,23,137,34,155,31
12:18:50,91,39,117,23,155,31
12:18:51,9,13,91,39,155,31
12:18:52,14,2,9,13,11,2
12:18:53,786,112,14,2,11,2
12:18:54,918,130,786,112,11,2
12:18:55,917,130,918,130,914,130
12:18:56,916,130,918,130,914,130
12:18:57,916,130,918,130,914,130
12:18:58,916,130,918,130,914,130
12:18:59,916,130,918,130,914,130
12:19:0,916,130,918,130,914,130
12:19:1,915,130,918,130,914,130
12:19:2,915,130,918,130,914,130
12:19:3,915,130,918,130,914,130
12:19:4,915,130,918,130,914,130
12:19:5,915,130,918,130,914,130
12:19:6,915,130,918,130,914,130
12:19:7,915,130,918,130,914,130
12:19:8,915,130,918,130,914,130
12:19:9,916,130,918,130,914,130
12:19:10,915,130,918,130,914,130
12:19:11,915,130,918,130,914,130
12:19:12,915,130,918,130,914,130
12:19:13,915,130,918,130,914,130
12:19:14,916,130,918,130,914,130
12:19:15,916,130,918,130,914,130
12:19:16,915,130,918,130,914,130
12:19:17,916,130,918,130,914,130
12:19:18,915,130,918,130,914,130
12:19:19,916,130,918,130,914,130
12:19:20,915,130,918,130,914,130
12:19:21,915,130,918,130,914,130
12:19:22,915,130,918,130,914,130
12:19:23,915,130,918,130,914,130
12:19:24,916,130,918,130,914,130
12:19:25,915,130,918,130,914,130
12:19:26,916,130,918,130,914,130
12:19:27,916,130,918,130,914,130
12:19:28,916,130,918,130,914,130
12:19:29,916,130,918,130,914,130
12:19:30,915,130,918,130,914,130
12:19:31,915,130,918,130,914,130
12:19:32,915,130,918,130,914,130
12:19:33,914,130,918,130,914,130
12:19:34,915,130,918,130,914,130
12:19:35,915,130,918,130,914,130
12:19:36,916,130,918,130,914,130
12:19:37,916,130,918,130,914,130
12:19:38,916,130,918,130,914,130
12:19:39,916,130,918,130,914,130
12:19:40,916,130,918,130,914,130
12:19:41,915,130,918,130,914,130
12:19:42,915,130,918,130,914,130
12:19:43,915,130,918,130,914,130
12:19:44,915,130,918,130,914,130
12:19:45,915,130,918,130,914,130
12:19:46,915,130,918,130,914,130
12:19:47,614,87,918,130,914,130
12:19:48,6,6,614,87,914,130
12:19:49,1,2,6,6,0,1
12:19:50,1,1,6,6,0,1
12:19:51,1,1,6,6,0,1
12:19:52,1,1,6,6,0,1
12:19:53,1,1,6,6,0,1
12:19:54,0,1,6,6,0,1
12:19:55,1,1,6,6,0,1
12:19:56,1,1,6,6,0,1
12:19:57,61,8,6,6,0,1
12:19:58,497,124,61,8,0,1
12:19:59,483,121,497,124,0,1
12:20:0,482,120,483,121,481,120
12:20:1,481,120,483,121,481,120
12:20:2,481,120,483,121,481,120
12:20:3,481,120,483,121,481,120
12:20:4,305,181,483,121,481,120
12:20:5,34,20,305,181,481,120
12:20:6,14,17,34,20,481,120
12:20:7,2,2,14,17,481,120
12:20:8,1,2,2,2,1,1
12:20:9,1,1,2,2,1,1
12:20:10,1,1,2,2,1,1
12:20:11,1,1,2,2,1,1
12:20:12,1,1,2,2,1,1
12:20:13,1,1,2,2,1,1
12:20:14,1,1,2,2,1,1
12:20:15,1,1,2,2,1,1
12:20:16,1,1,2,2,1,1
12:20:17,1,1,2,2,1,1
12:20:18,1,1,2,2,1,1
12:20:19,1,1,2,2,1,1
12:20:20,1,1,2,2,1,1
12:20:21,408,102,2,2,1,1
12:20:22,483,121,408,102,1,1
12:20:23,482,120,483,121,481,120
12:20:24,481,120,483,121,481,120
12:20:25,482,120,483,121,481,120
12:20:26,263,53,483,121,481,120
12:20:27,19,28,263,53,481,120
12:20:28,8,11,19,28,481,120
12:20:29,1,2,8,11,481,120
12:20:30,1,1,1,2,0,1
12:20:31,1,1,1,2,0,1
12:20:32,1,1,1,2,0,1
12:20:33,1,1,1,2,0,1
12:20:34,1,1,1,2,0,1
12:20:35,1,1,1,2,0,1
12:20:36,1,1,1,2,0,1
12:20:37,1,1,1,2,0,1
12:20:38,1,1,1,2,0,1
12:20:39,1,1,1,2,0,1
12:20:40,1,1,1,2,0,1
12:20:41,1,1,1,2,0,1
12:20:42,0,1,1,2,0,1
12:20:43,1,1,1,2,0,1
12:20:44,1,1,1,2,0,1
12:20:45,1,1,1,2,0,1
12:20:46,1,1,1,2,0,1
12:20:47,1,1,1,2,0,1
12:20:48,1,1,1,2,0,1
12:20:49,461,115,1,2,0,1
12:20:50,482,120,461,115,0,1
12:20:51,482,120,482,120,482,117
12:20:52,482,120,482,120,482,117
12:20:53,482,120,482,120,482,117
12:20:54,228,32,482,120,482,117
12:20:55,19,26,228,32,482,117
12:20:56,5,8,19,26,482,117
12:20:57,1,2,5,8,0,1
12:20:58,1,1,5,8,0,1
12:20:59,1,1,5,8,0,1
12:21:0,1,1,5,8,0,1
12:21:1,1,1,5,8,0,1
12:21:2,1,1,5,8,0,1
12:21:3,1,1,5,8,0,1
12:21:4,1,1,5,8,0,1
12:21:5,1,1,5,8,0,1
12:21:6,1,1,5,8,0,1
12:21:7,0,1,5,8,0,1
12:21:8,1,1,5,8,0,1
12:21:9,1,1,5,8,0,1
12:21:10,1,1,5,8,0,1
12:21:11,1,1,5,8,0,1
12:21:12,1,1,5,8,0,1
12:21:13,1,1,5,8,0,1
12:21:14,1,1,5,8,0,1
12:21:15,1,1,5,8,0,1
12:21:16,1,1,5,8,0,1
12:21:17,1,1,5,8,0,1
12:21:18,169,232,5,8,0,1
12:21:19,483,121,169,232,0,1
12:21:20,482,120,483,121,481,120
12:21:21,481,120,483,121,481,120
12:21:22,481,120,483,121,481,120
12:21:23,481,120,483,121,481,120
12:21:24,362,90,483,121,481,120
12:21:25,25,34,362,90,481,120
12:21:26,12,17,25,34,481,120
12:21:27,1,2,12,17,481,120
12:21:28,1,1,1,2,0,1
12:21:29,1,1,1,2,0,1
12:21:30,1,1,1,2,0,1
12:21:31,1,1,1,2,0,1
12:21:32,1,1,1,2,0,1
12:21:33,1,1,1,2,0,1
12:21:34,1,1,1,2,0,1
12:21:35,1,1,1,2,0,1
12:21:36,1,1,1,2,0,1
12:21:37,0,1,1,2,0,1
12:21:38,1,1,1,2,0,1
12:21:39,1,1,1,2,0,1
12:21:40,1,1,1,2,0,1
12:21:41,1,1,1,2,0,1
12:21:42,1,1,1,2,0,1
12:21:43,0,1,1,2,0,1
12:21:44,1,1,1,2,0,1
12:21:45,1,1,1,2,0,1
12:21:46,1,1,1,2,0,1
12:21:47,1,1,1,2,0,1
12:21:48,1,1,1,2,0,1
12:21:49,1,1,1,2,0,1
12:21:50,1,1,1,2,0,1
12:21:51,1,1,1,2,0,1
12:21:52,1,1,1,2,0,1
12:21:53,185,261,1,2,0,1
12:21:54,483,121,185,261,0,1
12:21:55,481,120,483,121,481,120
12:21:56,481,120,483,121,481,120
12:21:57,481,120,483,121,481,120
12:21:58,482,120,483,121,481,120
12:21:59,390,97,483,121,481,120
12:22:0,35,30,390,97,481,120
12:22:1,11,17,35,30,481,120
12:22:2,2,2,11,17,481,120
12:22:3,1,1,2,2,0,1
12:22:4,1,1,2,2,0,1
12:22:5,1,1,2,2,0,1
12:22:6,1,1,2,2,0,1
12:22:7,1,1,2,2,0,1
12:22:8,1,1,2,2,0,1
12:22:9,0,1,2,2,0,1
12:22:10,1,1,2,2,0,1
12:22:11,1,1,2,2,0,1
12:22:12,1,1,2,2,0,1
12:22:13,1,1,2,2,0,1
12:22:14,1,1,2,2,0,1
12:22:15,1,1,2,2,0,1
12:22:16,1,1,2,2,0,1
12:22:17,1,1,2,2,0,1
12:22:18,1,1,2,2,0,1
12:22:19,1,1,2,2,0,1
12:22:20,1,1,2,2,0,1
12:22:21,1,1,2,2,0,1
12:22:22,0,1,2,2,0,1
12:22:23,0,1,2,2,0,1
12:22:24,484,121,2,2,0,1
12:22:25,482,121,484,121,482,120
12:22:26,482,120,484,121,482,120
12:22:27,482,120,484,121,482,120
12:22:28,482,120,484,121,482,120
12:22:29,255,64,484,121,482,120
12:22:30,23,30,255,64,482,120
12:22:31,7,10,23,30,482,120
12:22:32,1,2,7,10,1,1
12:22:33,1,1,7,10,1,1
12:22:34,1,1,7,10,1,1
12:22:35,1,1,7,10,1,1
12:22:36,1,1,7,10,1,1
12:22:37,1,1,7,10,1,1
12:22:38,1,1,7,10,1,1
12:22:39,1,1,7,10,1,1
12:22:40,1,1,7,10,1,1
12:22:41,1,1,7,10,1,1
12:22:42,1,1,7,10,1,1
12:22:43,1,1,7,10,1,1
12:22:44,1,1,7,10,1,1
12:22:45,1,1,7,10,1,1
12:22:46,1,1,7,10,1,1
12:22:47,1,1,7,10,1,1
12:22:48,1,1,7,10,1,1
12:22:49,1,1,7,10,1,1
12:22:50,1,1,7,10,1,1
12:22:51,242,49,7,10,1,1
12:22:52,484,121,242,49,1,1
12:22:53,482,120,484,121,481,120
12:22:54,481,120,484,121,481,120
12:22:55,481,120,484,121,481,120
12:22:56,481,120,484,121,481,120
12:22:57,65,83,484,121,481,120
12:22:58,18,28,65,83,481,120
12:22:59,2,3,18,28,481,120
12:23:0,1,1,2,3,1,1
12:23:1,1,1,2,3,1,1
12:23:2,1,1,2,3,1,1
12:23:3,1,1,2,3,1,1
12:23:4,1,1,2,3,1,1
12:23:5,1,1,2,3,1,1
12:23:6,1,1,2,3,1,1
12:23:7,1,1,2,3,1,1
12:23:8,1,1,2,3,1,1
12:23:9,1,1,2,3,1,1
12:23:10,1,1,2,3,1,1
12:23:11,1,1,2,3,1,1
12:23:12,1,1,2,3,1,1
12:23:13,1,1,2,3,1,1
12:23:14,1,1,2,3,1,1
12:23:15,1,1,2,3,1,1
12:23:16,1,1,2,3,1,1
12:23:17,1,1,2,3,1,1
12:23:18,182,255,2,3,1,1
12:23:19,484,121,182,255,1,1
12:23:20,482,120,484,121,481,120
12:23:21,481,120,484,121,481,120
12:23:22,481,120,484,121,481,120
12:23:23,400,100,484,121,481,120
12:23:24,33,26,400,100,481,120
12:23:25,10,19,33,26,481,120
12:23:26,1,2,10,19,481,120
12:23:27,1,2,1,2,1,1
12:23:28,1,1,1,2,1,1
12:23:29,1,1,1,2,1,1
12:23:30,1,1,1,2,1,1
12:23:31,1,1,1,2,1,1
12:23:32,1,1,1,2,1,1
12:23:33,1,1,1,2,1,1
12:23:34,1,1,1,2,1,1
12:23:35,1,1,1,2,1,1
12:23:36,1,1,1,2,1,1
12:23:37,1,1,1,2,1,1
12:23:38,1,1,1,2,1,1
12:23:39,1,1,1,2,1,1
12:23:40,1,1,1,2,1,1
12:23:41,1,1,1,2,1,1
12:23:42,1,1,1,2,1,1
12:23:43,1,1,1,2,1,1
12:23:44,1,1,1,2,1,1
12:23:45,1,1,1,2,1,1
12:23:46,389,97,1,2,1,1
12:23:47,483,121,389,97,1,1
12:23:48,481,120,483,121,481,120
12:23:49,481,120,483,121,481,120
12:23:50,481,120,483,121,481,120
12:23:51,356,50,483,121,481,120
12:23:52,21,32,356,50,481,120
12:23:53,12,18,21,32,481,120
12:23:54,1,2,12,18,481,120
12:23:55,1,2,1,2,0,1
12:23:56,1,1,1,2,0,1
12:23:57,1,1,1,2,0,1
12:23:58,1,1,1,2,0,1
12:23:59,0,1,1,2,0,1
12:24:0,1,1,1,2,0,1
12:24:1,0,1,1,2,0,1
12:24:2,1,1,1,2,0,1
12:24:3,1,1,1,2,0,1
12:24:4,0,1,1,2,0,1
12:24:5,0,1,1,2,0,1
12:24:6,1,1,1,2,0,1
12:24:7,1,1,1,2,0,1
12:24:8,1,1,1,2,0,1
12:24:9,1,1,1,2,0,1
12:24:10,1,1,1,2,0,1
12:24:11,1,1,1,2,0,1
12:24:12,1,1,1,2,0,1
12:24:13,1,1,1,2,0,1
12:24:14,1,1,1,2,0,1
12:24:15,117,16,1,2,0,1
12:24:16,494,123,117,16,0,1
12:24:17,482,121,494,123,0,1
12:24:18,482,120,482,121,481,120
12:24:19,481,120,482,121,481,120
12:24:20,481,120,482,121,481,120
12:24:21,95,121,482,121,481,120
12:24:22,15,28,95,121,481,120
12:24:23,3,6,15,28,481,120
12:24:24,1,1,3,6,0,1
12:24:25,1,1,3,6,0,1
12:24:26,1,1,3,6,0,1
12:24:27,1,1,3,6,0,1
12:24:28,1,1,3,6,0,1
12:24:29,1,1,3,6,0,1
12:24:30,1,1,3,6,0,1
12:24:31,1,1,3,6,0,1
12:24:32,0,1,3,6,0,1
12:24:33,1,1,3,6,0,1
12:24:34,1,1,3,6,0,1
12:24:35,1,1,3,6,0,1
12:24:36,1,1,3,6,0,1
12:24:37,0,1,3,6,0,1
12:24:38,1,1,3,6,0,1
12:24:39,1,1,3,6,0,1
12:24:40,1,1,3,6,0,1
12:24:41,1,1,3,6,0,1
12:24:42,1,1,3,6,0,1
12:24:43,1,1,3,6,0,1
12:24:44,1,1,3,6,0,1
12:24:45,1,1,3,6,0,1
12:24:46,1,1,3,6,0,1
12:24:47,1,1,3,6,0,1
12:24:48,1,1,3,6,0,1
12:24:49,92,126,3,6,0,1
12:24:50,490,122,92,126,0,1
12:24:51,482,120,490,122,0,1
12:24:52,481,120,482,120,481,120
12:24:53,481,120,482,120,481,120
12:24:54,481,120,482,120,481,120
12:24:55,481,120,482,120,481,120
12:24:56,481,120,482,120,481,120
12:24:57,465,94,482,120,481,120
12:24:58,30,39,465,94,481,120
12:24:59,11,15,30,39,481,120
12:25:0,2,3,11,15,481,120
12:25:1,1,1,2,3,0,1
12:25:2,1,1,2,3,0,1
12:25:3,1,1,2,3,0,1
12:25:4,0,1,2,3,0,1
12:25:5,0,1,2,3,0,1
12:25:6,1,1,2,3,0,1
12:25:7,1,1,2,3,0,1
12:25:8,1,1,2,3,0,1
12:25:9,1,1,2,3,0,1
12:25:10,1,1,2,3,0,1
12:25:11,1,1,2,3,0,1
12:25:12,1,1,2,3,0,1
12:25:13,1,1,2,3,0,1
12:25:14,0,1,2,3,0,1
12:25:15,1,1,2,3,0,1
12:25:16,268,67,2,3,0,1
12:25:17,484,121,268,67,0,1
12:25:18,482,120,484,121,481,120
12:25:19,481,120,484,121,481,120
12:25:20,481,120,484,121,481,120
12:25:21,451,91,484,121,481,120
12:25:22,24,36,451,91,481,120
12:25:23,12,18,24,36,481,120
12:25:24,1,2,12,18,481,120
12:25:25,1,1,1,2,0,1
12:25:26,1,1,1,2,0,1
12:25:27,1,1,1,2,0,1
12:25:28,1,1,1,2,0,1
12:25:29,1,1,1,2,0,1
12:25:30,1,1,1,2,0,1
12:25:31,1,1,1,2,0,1
12:25:32,0,1,1,2,0,1
12:25:33,1,1,1,2,0,1
12:25:34,1,1,1,2,0,1
12:25:35,1,1,1,2,0,1
12:25:36,1,1,1,2,0,1
12:25:37,0,1,1,2,0,1
12:25:38,1,1,1,2,0,1
12:25:39,0,1,1,2,0,1
12:25:40,1,1,1,2,0,1
12:25:41,1,1,1,2,0,1
12:25:42,1,1,1,2,0,1
12:25:43,1,1,1,2,0,1
12:25:44,1,1,1,2,0,1
12:25:45,397,99,1,2,0,1
12:25:46,483,121,397,99,0,1
12:25:47,481,120,483,121,481,120
12:25:48,481,120,483,121,481,120
12:25:49,481,120,483,121,481,120
12:25:50,481,120,483,121,481,120
12:25:51,54,69,483,121,481,120
12:25:52,20,30,54,69,481,120
12:25:53,2,3,20,30,481,120
12:25:54,1,1,2,3,0,1
12:25:55,1,1,2,3,0,1
12:25:56,1,1,2,3,0,1
12:25:57,1,1,2,3,0,1
12:25:58,1,1,2,3,0,1
12:25:59,1,1,2,3,0,1
12:26:0,1,1,2,3,0,1
12:26:1,1,1,2,3,0,1
12:26:2,1,1,2,3,0,1
12:26:3,1,1,2,3,0,1
12:26:4,1,1,2,3,0,1
12:26:5,1,1,2,3,0,1
12:26:6,0,1,2,3,0,1
12:26:7,1,1,2,3,0,1
12:26:8,1,1,2,3,0,1
12:26:9,1,1,2,3,0,1
12:26:10,1,1,2,3,0,1
12:26:11,252,354,2,3,0,1
12:26:12,483,121,252,354,0,1
12:26:13,481,120,483,121,481,120
12:26:14,481,120,483,121,481,120
12:26:15,481,120,483,121,481,120
12:26:16,481,120,483,121,481,120
12:26:17,360,90,483,121,481,120
12:26:18,23,31,360,90,481,120
12:26:19,12,20,23,31,481,120
12:26:20,1,2,12,20,481,120
12:26:21,1,2,1,2,0,1
12:26:22,1,1,1,2,0,1
12:26:23,1,1,1,2,0,1
12:26:24,1,1,1,2,0,1
12:26:25,1,1,1,2,0,1
12:26:26,1,1,1,2,0,1
12:26:27,1,1,1,2,0,1
12:26:28,1,1,1,2,0,1
12:26:29,1,1,1,2,0,1
12:26:30,1,1,1,2,0,1
12:26:31,0,1,1,2,0,1
12:26:32,1,1,1,2,0,1
12:26:33,1,1,1,2,0,1
12:26:34,1,1,1,2,0,1
12:26:35,1,1,1,2,0,1
12:26:36,1,1,1,2,0,1
12:26:37,1,1,1,2,0,1
12:26:38,1,1,1,2,0,1
12:26:39,1,1,1,2,0,1
12:26:40,1,1,1,2,0,1
12:26:41,1,1,1,2,0,1
12:26:42,193,286,1,2,0,1
12:26:43,483,121,193,286,0,1
12:26:44,482,120,483,121,482,120
12:26:45,171,175,483,121,482,120
12:26:46,26,24,171,175,482,120
12:26:47,7,6,26,24,482,120
12:26:48,1,2,7,6,1,1
12:26:49,1,1,7,6,1,1
12:26:50,1,1,7,6,1,1
12:26:51,1,1,7,6,1,1
12:26:52,1,1,7,6,1,1
12:26:53,1,1,7,6,1,1
12:26:54,1,1,7,6,1,1
12:26:55,1,1,7,6,1,1
12:26:56,1,1,7,6,1,1
12:26:57,1,1,7,6,1,1
12:26:58,324,81,7,6,1,1
12:26:59,483,121,324,81,1,1
12:27:0,482,120,483,121,482,120
12:27:1,256,36,483,121,482,120
12:27:2,20,29,256,36,482,120
12:27:3,6,9,20,29,482,120
12:27:4,1,2,6,9,1,1
12:27:5,1,1,6,9,1,1
12:27:6,1,1,6,9,1,1
12:27:7,1,1,6,9,1,1
12:27:8,1,1,6,9,1,1
12:27:9,1,1,6,9,1,1
12:27:10,1,1,6,9,1,1
12:27:11,1,1,6,9,1,1
12:27:12,1,1,6,9,1,1
12:27:13,1,1,6,9,1,1
12:27:14,318,64,6,9,1,1
12:27:15,483,121,318,64,1,1
12:27:16,487,99,483,121,484,99
12:27:17,265,53,487,99,484,99
12:27:18,20,29,265,53,484,99
12:27:19,7,11,20,29,484,99
12:27:20,1,2,7,11,1,1
12:27:21,1,1,7,11,1,1
12:27:22,1,1,7,11,1,1
12:27:23,1,1,7,11,1,1
12:27:24,1,1,7,11,1,1
12:27:25,1,1,7,11,1,1
12:27:26,1,1,7,11,1,1
12:27:27,1,1,7,11,1,1
12:27:28,1,1,7,11,1,1
12:27:29,1,1,7,11,1,1
12:27:30,175,260,7,11,1,1
12:27:31,483,121,175,260,1,1
12:27:32,482,120,483,121,482,120
12:27:33,220,165,483,121,482,120
12:27:34,10,33,220,165,482,120
12:27:35,4,13,10,33,0,1
12:27:36,1,2,4,13,0,1
12:27:37,1,1,1,2,0,1
12:27:38,1,1,1,2,0,1
12:27:39,1,1,1,2,0,1
12:27:40,0,1,1,2,0,1
12:27:41,0,1,1,2,0,1
12:27:42,1,1,1,2,0,1
12:27:43,1,1,1,2,0,1
12:27:44,1,1,1,2,0,1
12:27:45,1,1,1,2,0,1
12:27:46,306,76,1,2,0,1
12:27:47,484,121,306,76,0,1
12:27:48,482,120,484,121,482,120
12:27:49,278,39,484,121,482,120
12:27:50,20,29,278,39,482,120
12:27:51,9,14,20,29,482,120
12:27:52,1,2,9,14,482,120
12:27:53,1,1,1,2,0,0
12:27:54,1,1,1,2,0,0
12:27:55,1,1,1,2,0,0
12:27:56,1,1,1,2,0,0
12:27:57,1,1,1,2,0,0
12:27:58,0,1,1,2,0,0
12:27:59,0,1,1,2,0,0
12:28:0,1,1,1,2,0,0
12:28:1,1,1,1,2,0,0
12:28:2,1,1,1,2,0,0
12:28:3,1,1,1,2,0,0
12:28:4,0,1,1,2,0,0
12:28:5,0,1,1,2,0,0
12:28:6,0,1,1,2,0,0
12:28:7,0,1,1,2,0,0
12:28:8,1,1,1,2,0,0
12:28:9,1,1,1,2,0,0
12:28:10,1,1,1,2,0,0
12:28:11,1,1,1,2,0,0
12:28:12,1,1,1,2,0,0
12:28:13,1,1,1,2,0,0
12:28:14,1,1,1,2,0,0
12:28:15,1,1,1,2,0,0
12:28:16,1,1,1,2,0,0
12:28:17,1,1,1,2,0,0
12:28:18,1,1,1,2,0,0
12:28:19,1,1,1,2,0,0
12:28:20,0,1,1,2,0,0
12:28:21,0,1,1,2,0,0
12:28:22,1,1,1,2,0,0
12:28:23,1,1,1,2,0,0
12:28:24,1,1,1,2,0,0
12:28:25,1,1,1,2,0,0
12:28:26,1,1,1,2,0,0
12:28:27,1,1,1,2,0,0
12:28:28,0,1,1,2,0,0
12:28:29,0,1,1,2,0,0
12:28:30,0,1,1,2,0,0
12:28:31,1,1,1,2,0,0
12:28:32,1,1,1,2,0,0
12:28:33,0,1,1,2,0,0
12:28:34,0,1,1,2,0,0
12:28:35,0,1,1,2,0,0
12:28:36,0,1,1,2,0,0
12:28:37,1,1,1,2,0,0
12:28:38,1,1,1,2,0,0
12:28:39,1,1,1,2,0,0
12:28:40,1,1,1,2,0,0
12:28:41,1,1,1,2,0,0
12:28:42,1,1,1,2,0,0
12:28:43,1,1,1,2,0,0
12:28:44,1,1,1,2,0,0
12:28:45,1,1,1,2,0,0
12:28:46,1,1,1,2,0,0
12:28:47,1,1,1,2,0,0
12:28:48,1,1,1,2,0,0
12:28:49,1,1,1,2,0,0
12:28:50,1,1,1,2,0,0
12:28:51,1,1,1,2,0,0
12:28:52,1,1,1,2,0,0
12:28:53,1,1,1,2,0,0
12:28:54,1,1,1,2,0,0
12:28:55,1,1,1,2,0,0
12:28:56,1,1,1,2,0,0
12:28:57,1,1,1,2,0,0
12:28:58,1,1,1,2,0,0
12:28:59,1,1,1,2,0,0
12:29:0,1,1,1,2,0,0
12:29:1,1,1,1,2,0,0
12:29:2,0,0,1,2,0,0
12:29:3,0,0,1,2,0,0
12:29:4,0,0,1,2,0,0
12:29:5,0,0,1,2,0,0
12:29:6,0,0,1,2,0,0
12:29:7,0,0,1,2,0,0
12:29:8,0,0,1,2,0,0
12:29:9,0,0,1,2,0,0
12:29:10,0,0,1,2,0,0
12:29:11,0,0,1,2,0,0
12:29:12,0,0,1,2,0,0
12:29:13,0,0,1,2,0,0
12:29:14,0,0,1,2,0,0
12:29:15,0,0,1,2,0,0
12:29:16,0,0,1,2,0,0
12:29:17,0,0,1,2,0,0
12:29:18,0,0,1,2,0,0
12:29:19,0,0,1,2,0,0
12:29:20,0,0,1,2,0,0
12:29:21,0,0,1,2,0,0
12:29:22,0,0,1,2,0,0
12:29:23,0,0,1,2,0,0
12:29:24,0,0,1,2,0,0
12:29:25,0,0,1,2,0,0
12:29:26,0,0,1,2,0,0
12:29:27,0,0,1,2,0,0
12:29:28,0,0,1,2,0,0
12:29:29,1,1,1,2,0,0
12:29:30,0,1,1,2,0,0
12:29:31,0,1,1,2,0,0
12:29:32,0,1,1,2,0,0
12:29:33,0,1,1,2,0,0
12:29:34,0,1,1,2,0,0
12:29:35,0,1,1,2,0,0
12:29:36,0,1,1,2,0,0
12:29:37,0,1,1,2,0,0
12:29:38,0,0,1,2,0,0
12:29:39,0,0,1,2,0,0
12:29:40,0,0,1,2,0,0
12:29:41,0,0,1,2,0,0
12:29:42,0,0,1,2,0,0
12:29:43,0,0,1,2,0,0
12:29:44,0,0,1,2,0,0
12:29:45,0,0,1,2,0,0
12:29:46,0,0,1,2,0,0
12:29:47,0,0,1,2,0,0
12:29:48,0,0,1,2,0,0
12:29:49,0,0,1,2,0,0
12:29:50,0,0,1,2,0,0
12:29:51,0,0,1,2,0,0
12:29:52,0,0,1,2,0,0
12:29:53,0,0,1,2,0,0
12:29:54,0,0,1,2,0,0
12:29:55,0,0,1,2,0,0
12:29:56,0,0,1,2,0,0
12:29:57,0,0,1,2,0,0
12:29:58,0,0,1,2,0,0
12:29:59,0,0,1,2,0,0
12:30:0,0,0,1,2,0,0
12:30:1,0,0,1,2,0,0
12:30:2,0,0,1,2,0,0
12:30:3,0,0,1,2,0,0
12:30:4,0,0,1,2,0,0
12:30:5,0,0,1,2,0,0
12:30:6,0,0,1,2,0,0
12:30:7,0,0,1,2,0,0
12:30:8,0,0,1,2,0,0
12:30:9,0,0,1,2,0,0
12:30:10,0,0,1,2,0,0
12:30:11,0,0,1,2,0,0
12:30:12,0,0,1,2,0,0
12:30:13,0,0,1,2,0,0
12:30:14,0,0,1,2,0,0
12:30:15,0,0,1,2,0,0
12:30:16,0,0,1,2,0,0
12:30:17,0,0,1,2,0,0
12:30:18,0,0,1,2,0,0
12:30:19,0,0,1,2,0,0
12:30:20,0,0,1,2,0,0
12:30:21,0,0,1,2,0,0
12:30:22,0,0,1,2,0,0
12:30:23,0,0,1,2,0,0
12:30:24,0,0,1,2,0,0
12:30:25,0,0,1,2,0,0
12:30:26,0,0,1,2,0,0
12:30:27,0,0,1,2,0,0
12:30:28,0,0,1,2,0,0
12:30:29,0,0,1,2,0,0
12:30:30,0,0,1,2,0,0
12:30:31,0,0,1,2,0,0
12:30:32,0,0,1,2,0,0
12:30:33,0,0,1,2,0,0
12:30:34,0,0,1,2,0,0
12:30:35,0,0,1,2,0,0
12:30:36,0,0,1,2,0,0
12:30:37,0,0,1,2,0,0
12:30:38,0,0,1,2,0,0
12:30:39,0,0,1,2,0,0
12:30:40,0,0,1,2,0,0
12:30:41,0,0,1,2,0,0
12:30:42,0,0,1,2,0,0
12:30:43,0,0,1,2,0,0
12:30:44,0,0,1,2,0,0
12:30:45,0,0,1,2,0,0
12:30:46,0,0,1,2,0,0
12:30:47,0,0,1,2,0,0
12:30:48,0,0,1,2,0,0
12:30:49,0,0,1,2,0,0
12:30:50,0,0,1,2,0,0
12:30:51,0,0,1,2,0,0
12:30:52,0,0,1,2,0,0
12:30:53,0,0,1,2,0,0
12:30:54,0,0,1,2,0,0
12:30:55,0,0,1,2,0,0
12:30:56,0,0,1,2,0,0
12:30:57,0,0,1,2,0,0
12:30:58,0,0,1,2,0,0
12:30:59,0,0,1,2,0,0
12:31:0,0,0,1,2,0,0
12:31:1,0,0,1,2,0,0
12:31:2,0,0,1,2,0,0
12:31:3,0,0,1,2,0,0
12:31:4,0,0,1,2,0,0
12:31:5,0,0,1,2,0,0
12:31:6,0,0,1,2,0,0
12:31:7,0,0,1,2,0,0
12:31:8,0,0,1,2,0,0
12:31:9,0,0,1,2,0,0
12:31:10,0,0,1,2,0,0
12:31:11,0,0,1,2,0,0
12:31:12,0,0,1,2,0,0
12:31:13,0,0,1,2,0,0
12:31:14,0,0,1,2,0,0
12:31:15,0,0,1,2,0,0
12:31:16,0,0,1,2,0,0
12:31:17,0,0,1,2,0,0
12:31:18,0,0,1,2,0,0
12:31:19,0,0,1,2,0,0
12:31:20,0,0,1,2,0,0
12:31:21,0,0,1,2,0,0
12:31:22,0,0,1,2,0,0
12:31:23,0,0,1,2,0,0
12:31:24,0,0,1,2,0,0
12:31:25,0,0,1,2,0,0
12:31:26,0,0,1,2,0,0
12:31:27,0,0,1,2,0,0
12:31:28,0,0,1,2,0,0
12:31:29,0,0,1,2,0,0
12:31:30,0,0,1,2,0,0
12:31:31,0,0,1,2,0,0
12:31:32,0,0,1,2,0,0
12:31:33,0,0,1,2,0,0
12:31:34,0,0,1,2,0,0
12:31:35,0,0,1,2,0,0
12:31:36,0,0,1,2,0,0
12:31:37,0,0,1,2,0,0
12:31:38,0,0,1,2,0,0
12:31:39,0,0,1,2,0,0
12:31:40,0,0,1,2,0,0
12:31:41,0,0,1,2,0,0
12:31:42,0,0,1,2,0,0
12:31:43,0,0,1,2,0,0
12:31:44,0,0,1,2,0,0
12:31:45,0,0,1,2,0,0
12:31:46,0,0,1,2,0,0
12:31:47,0,0,1,2,0,0
12:31:48,0,0,1,2,0,0
12:31:49,0,0,1,2,0,0
12:31:50,0,0,1,2,0,0
12:31:51,0,0,1,2,0,0
12:31:52,0,0,1,2,0,0
12:31:53,0,0,1,2,0,0
12:31:54,0,0,1,2,0,0
12:31:55,0,0,1,2,0,0
12:31:56,0,0,1,2,0,0
12:31:57,0,0,1,2,0,0
12:31:58,0,0,1,2,0,0
12:31:59,0,0,1,2,0,0
12:32:0,0,0,1,2,0,0
12:32:1,0,0,1,2,0,0
12:32:2,0,0,1,2,0,0
12:32:3,0,0,1,2,0,0
12:32:4,0,0,1,2,0,0
12:32:5,0,0,1,2,0,0
12:32:6,0,0,1,2,0,0
12:32:7,0,0,1,2,0,0
12:32:8,0,0,1,2,0,0
12:32:9,0,0,1,2,0,0
12:32:10,0,0,1,2,0,0
12:32:11,0,0,1,2,0,0
12:32:12,0,0,1,2,0,0
12:32:13,0,0,1,2,0,0
12:32:14,0,0,1,2,0,0
12:32:15,0,0,1,2,0,0
12:32:16,0,0,1,2,0,0
12:32:17,0,0,1,2,0,0
12:32:18,0,0,1,2,0,0
12:32:19,0,0,1,2,0,0
12:32:20,0,0,1,2,0,0
12:32:21,0,0,1,2,0,0
12:32:22,0,0,1,2,0,0
12:32:23,0,0,1,2,0,0
12:32:24,0,0,1,2,0,0
12:32:25,0,0,1,2,0,0
12:32:26,0,0,1,2,0,0
12:32:27,0,0,1,2,0,0
12:32:28,0,0,1,2,0,0
12:32:29,0,0,1,2,0,0
12:32:30,0,0,1,2,0,0
12:32:31,0,0,1,2,0,0
12:32:32,0,0,1,2,0,0
12:32:33,0,0,1,2,0,0
12:32:34,0,0,1,2,0,0
12:32:35,0,0,1,2,0,0
12:32:36,0,0,1,2,0,0
12:32:37,0,0,1,2,0,0
12:32:38,0,0,1,2,0,0
12:32:39,0,0,1,2,0,0
12:32:40,0,0,1,2,0,0
12:32:41,0,0,1,2,0,0
12:32:42,0,0,1,2,0,0
12:32:43,0,0,1,2,0,0
12:32:44,0,0,1,2,0,0
12:32:45,0,0,1,2,0,0
12:32:46,0,0,1,2,0,0
12:32:47,0,0,1,2,0,0
12:32:48,0,0,1,2,0,0
12:32:49,0,0,1,2,0,0
12:32:50,0,0,1,2,0,0
12:32:51,0,0,1,2,0,0
12:32:52,0,0,1,2,0,0
12:32:53,0,0,1,2,0,0
12:32:54,0,0,1,2,0,0
12:32:55,0,0,1,2,0,0
12:32:56,0,0,1,2,0,0
12:32:57,0,0,1,2,0,0
12:32:58,0,0,1,2,0,0
12:32:59,0,0,1,2,0,0
12:33:0,0,0,1,2,0,0
12:33:1,0,0,1,2,0,0
12:33:2,0,0,1,2,0,0
12:33:3,0,0,1,2,0,0
12:33:4,0,0,1,2,0,0
12:33:5,0,0,1,2,0,0
12:33:6,0,0,1,2,0,0
12:33:7,0,0,1,2,0,0
12:33:8,0,0,1,2,0,0
12:33:9,0,0,1,2,0,0
12:33:10,0,0,1,2,0,0
12:33:11,0,0,1,2,0,0
12:33:12,0,0,1,2,0,0
12:33:13,0,0,1,2,0,0
12:33:14,0,0,1,2,0,0
12:33:15,0,0,1,2,0,0
12:33:16,0,0,1,2,0,0
12:33:17,0,0,1,2,0,0
12:33:18,0,0,1,2,0,0
12:33:19,0,0,1,2,0,0
12:33:20,0,0,1,2,0,0
12:33:21,0,0,1,2,0,0
12:33:22,0,0,1,2,0,0
12:33:23,0,0,1,2,0,0
12:33:24,0,0,1,2,0,0
12:33:25,0,0,1,2,0,0
12:33:26,0,0,1,2,0,0
12:33:27,0,0,1,2,0,0
12:33:28,0,0,1,2,0,0
12:33:29,0,0,1,2,0,0
12:33:30,0,0,1,2,0,0
12:33:31,0,0,1,2,0,0
12:33:32,0,0,1,2,0,0
12:33:33,0,0,1,2,0,0
12:33:34,0,0,1,2,0,0
12:33:35,0,0,1,2,0,0
12:33:36,0,0,1,2,0,0
12:33:37,0,0,1,2,0,0
12:33:38,0,0,1,2,0,0
12:33:39,0,0,1,2,0,0
12:33:40,0,0,1,2,0,0
12:33:41,0,0,1,2,0,0
12:33:42,0,0,1,2,0,0
12:33:43,0,0,1,2,0,0
12:33:44,0,0,1,2,0,0
12:33:45,0,0,1,2,0,0
12:33:46,0,0,1,2,0,0
12:33:47,0,0,1,2,0,0
12:33:48,0,0,1,2,0,0
12:33:49,0,0,1,2,0,0
12:33:50,0,0,1,2,0,0
12:33:51,0,0,1,2,0,0
12:33:52,0,0,1,2,0,0
12:33:53,0,0,1,2,0,0
12:33:54,0,0,1,2,0,0
12:33:55,0,0,1,2,0,0
12:33:56,0,0,1,2,0,0
12:33:57,0,0,1,2,0,0
12:33:58,0,0,1,2,0,0
12:33:59,0,0,1,2,0,0
12:34:0,0,0,1,2,0,0
12:34:1,0,0,1,2,0,0
12:34:2,0,0,1,2,0,0
12:34:3,0,0,1,2,0,0
12:34:4,0,0,1,2,0,0
12:34:5,0,0,1,2,0,0
12:34:6,0,0,1,2,0,0
12:34:7,0,0,1,2,0,0
12:34:8,0,0,1,2,0,0
12:34:9,0,0,1,2,0,0
12:34:10,0,0,1,2,0,0
12:34:11,0,0,1,2,0,0
12:34:12,0,0,1,2,0,0
12:34:13,0,0,1,2,0,0
12:34:14,0,0,1,2,0,0
12:34:15,0,0,1,2,0,0
12:34:16,0,0,1,2,0,0
12:34:17,0,0,1,2,0,0
12:34:18,0,0,1,2,0,0
12:34:19,0,0,1,2,0,0
12:34:20,0,0,1,2,0,0
12:34:21,0,0,1,2,0,0
12:34:22,0,0,1,2,0,0
12:34:23,0,0,1,2,0,0
12:34:24,0,0,1,2,0,0
12:34:25,0,0,1,2,0,0
12:34:26,0,0,1,2,0,0
12:34:27,0,0,1,2,0,0
12:34:28,0,0,1,2,0,0
12:34:29,0,0,1,2,0,0
12:34:30,0,0,1,2,0,0
12:34:31,0,0,1,2,0,0
12:34:32,0,0,1,2,0,0
12:34:33,0,0,1,2,0,0
12:34:34,0,0,1,2,0,0
12:34:35,0,0,1,2,0,0
12:34:36,0,0,1,2,0,0
12:34:37,0,0,1,2,0,0
12:34:38,0,0,1,2,0,0
12:34:39,0,0,1,2,0,0
12:34:40,0,0,1,2,0,0
12:34:41,0,0,1,2,0,0
12:34:42,0,0,1,2,0,0
12:34:43,0,0,1,2,0,0
12:34:44,0,0,1,2,0,0
12:34:45,0,0,1,2,0,0
12:34:46,0,0,1,2,0,0
12:34:47,0,0,1,2,0,0
12:34:48,0,0,1,2,0,0
12:34:49,0,0,1,2,0,0
12:34:50,0,0,1,2,0,0
12:34:51,0,0,1,2,0,0
12:34:52,0,0,1,2,0,0
12:34:53,0,0,1,2,0,0
